city,country,economic development,lat,lon,tweet20119,tweet201110,tweet201111,tweet201112,tweet20121,tweet20122,tweet20123,tweet20124,tweet20125,tweet20126,tweet20127,tweet20128,tweet20129,tweet201210,tweet201211,tweet201212,tweet20131,tweet20132,tweet20133,tweet20134,tweet20135,tweet20136,tweet20137,tweet20138,tweet20139,tweet201310,tweet201311,tweet201312,tweet20141,tweet20142,tweet20143,tweet20144,tweet20145,tweet20146,tweet20147,sum formula,sum values,actor20119,actor201110,actor201111,actor201112,actor20121,actor20122,actor20123,actor20124,actor20125,actor20126,actor20127,actor20128,actor20129,actor201210,actor201211,actor201212,actor20131,actor20132,actor20133,actor20134,actor20135,actor20136,actor20137,actor20138,actor20139,actor201310,actor201311,actor201312,actor20141,actor20142,actor20143,actor20144,actor20145,actor20146,actor20147,continent,continent2,dev,gni,twchange,actorchange
London,United Kingdom,High income,51.5073509,-0.1277583,198,4689,7861,8298,8602,10676,11442,11470,14699,16336,20800,20509,19375,21645,23205,22977,23447,21206,23924,26336,30870,34461,38458,39771,40740,44150,52986,62493,65762,72191,85471,84723,90246,96979,43962,1156996,1156996,89,2293,3397,3763,3913,4717,5286,5417,6575,7211,9326,9473,9000,9804,10345,10533,9939,9366,9761,10611,12026,13753,14846,14191,14637,16066,19509,22878,22080,24006,27578,26945,28272,29700,17346,Europe,Western Europe,High income,43390,0.090922629,0.07602487
Tokyo,Japan,High income,35.7090259,139.7319925,249,3120,4913,6805,6797,6216,7353,8767,8888,7967,9329,9842,11709,13487,14898,16502,15271,13348,18404,17129,20008,20451,22241,24658,25068,26629,32398,45227,40613,40234,55255,59234,67543,64317,31447,744870,744870,51,1453,2099,2997,2969,2744,3210,3876,3894,3489,3830,4346,4650,5250,5548,5881,5546,4612,6343,5818,6923,7246,7230,8524,8430,8501,10861,14513,12419,11786,16813,17165,19583,18598,10869,Asia,East Asia,High income,36680,0.089418318,0.075343146
Jakarta,Indonesia,Lower middle income,-6.2087634,106.845599,48,232,438,661,835,855,829,1049,1553,2462,3169,3647,4596,6106,6989,10310,12239,13225,14882,17261,22228,25303,30326,33501,33960,36131,37117,56250,52672,45224,51210,52293,57423,58903,28826,693927,693927,14,123,172,305,357,396,433,548,766,1089,1348,1681,1991,2485,2842,3898,4415,4817,5328,6146,7410,8347,9316,10475,10691,11746,12304,17485,15877,13825,14659,14697,15181,15641,8977,Asia,South East Asia,Lower middle income,3440,0.170556498,0.147210917
Istanbul,Turkey,Upper middle income,41.0082376,28.9783589,4,678,1399,2691,2648,2806,3371,4688,5781,6662,7157,7593,8734,11190,12410,14015,13249,10791,13199,13425,17828,27514,17553,16447,19598,21487,25452,41644,41578,38037,57007,65068,65261,64139,29460,661104,661104,4,370,646,1082,1134,1262,1597,2089,2494,2885,3121,3424,4143,4876,5226,5798,5349,4844,5340,5592,7055,8810,6331,6258,7568,8235,9517,13803,12159,11942,15480,20921,22486,22165,11899,Asia,Eastern Europe,Upper middle income,9950,0.135739814,0.119107368
Paris,France,High income,48.856614,2.3522219,107,1576,2447,3528,3858,4142,5721,5630,6386,7694,7421,6274,9143,11423,12287,14526,16324,11753,14082,15281,15609,21512,20875,17552,21155,23161,25763,34998,36845,35433,45452,40540,41563,48308,21457,588369,588369,28,733,1009,1414,1469,1664,2147,2366,2544,3097,3145,2551,3489,4057,4267,4814,4770,4278,4787,5124,5221,6592,6384,5415,6342,7534,7977,10709,9990,9971,11708,11122,10686,12902,6459,Europe,Western Europe,High income,40540,0.104757839,0.086678989
Mexico City,Mexico,Upper middle income,19.4326077,-99.133208,23,1299,2048,2713,2833,3127,3770,4307,5388,6141,7280,7025,8045,9608,10222,11517,12121,10877,12937,13594,14104,17233,18083,18478,19103,21021,24564,29694,28669,28077,37505,40594,45497,53085,22807,530582,530582,18,604,947,1191,1367,1416,1894,2089,2438,2643,3071,3194,3533,4057,4244,4718,4395,4296,4670,4827,4864,5316,5372,5869,6235,6743,7640,8948,8201,7734,10753,11798,12822,13399,7293,North America,Central America,Upper middle income,9710,0.110544496,0.086277649
Manila,Philippines,Lower middle income,14.5995124,120.9842195,22,484,998,1804,2002,2332,2481,2354,2955,3951,5321,6230,6035,6273,6719,9009,9279,9096,8986,9273,13097,13298,15136,19798,19006,20997,23916,44694,45648,28856,39121,36402,43627,40816,21011,500016,500016,7,227,388,678,849,968,1102,1023,1208,1524,1902,2210,2216,2348,2582,3151,3226,2987,2996,2918,3182,3685,3926,4272,4497,4634,5252,7769,7866,5573,6583,6212,6917,7518,5188,Asia,South East Asia,Lower middle income,3550,0.129583251,0.086633147
Bangkok,Thailand,Upper middle income,13.7563309,100.5017651,29,744,830,1641,1857,1803,1973,2288,2804,3316,3916,3721,4221,5504,5596,6312,5785,5190,7190,6929,8378,10057,11483,12550,13907,17661,22434,38508,34829,23847,35571,38573,40437,40944,16113,420828,420828,13,302,343,692,772,754,903,919,981,1119,1314,1390,1523,1778,1823,2140,1971,1825,2157,1948,2229,2459,2740,3029,3277,3588,4166,6387,6101,4447,6397,7271,7471,7637,4609,Asia,South East Asia,Upper middle income,5720,0.129135677,0.092196438
Barcelona,Spain,High income,41.3850639,2.1734035,32,1456,2415,2743,3010,4515,4653,4514,4966,5316,6510,5984,7360,9010,9992,9953,9015,9285,9962,10978,12634,15104,13186,11642,13864,15570,15540,18974,18659,23912,25561,27073,31004,31399,15244,395791,395791,17,619,864,1234,1314,1748,1897,1957,2028,2264,2765,2523,3151,3598,3646,3587,3166,3379,3440,3576,3771,4382,4287,3727,4038,4411,4911,6167,5485,6622,7247,7552,8017,8444,4801,Europe,Western Europe,High income,28530,0.092108644,0.071937278
Bogota,Colombia,Upper middle income,4.7109886,-74.072092,3,351,494,778,722,1043,1132,1303,1665,2022,2578,3120,4103,6184,6110,7731,8158,7513,9268,9857,9882,10636,11420,12173,13465,14290,17872,31898,31032,22852,27109,27501,38289,42820,21590,385374,385374,3,161,228,341,369,448,519,598,693,862,1115,1327,1657,2133,2197,2777,2914,2776,2976,3255,3300,3445,3585,3649,4069,4293,5044,8151,7701,5718,6342,6600,7796,9078,6182,South America,South America,Upper middle income,7140,0.167217834,0.126515808
Buenos Aires,Argentina,Upper middle income,-34.6036844,-58.3815591,12,450,656,1028,917,1033,1219,1317,1258,1618,2008,3000,3723,4875,5298,5592,4698,5264,6647,7401,8396,8776,9243,9317,13172,15029,18237,33029,26341,23985,27397,30358,38172,44729,25790,364195,364195,9,211,304,411,427,468,517,565,607,694,955,1297,1680,2016,2133,2319,1859,2143,2585,2846,2923,2980,3136,3118,4261,4703,6063,9342,7474,5896,7111,7783,9436,10958,7539,South America,South America,Upper middle income,12460,0.1586423,0.131180323
Moscow,Russia,Upper middle income,55.755826,37.6173,65,2392,3969,6311,5463,6840,8081,9040,10510,9003,7683,6959,9142,9707,9871,9571,7686,7362,8033,8248,9051,9239,8066,9056,10667,11164,11629,13236,11539,12395,16127,17967,17949,17266,6605,321287,321287,38,932,1368,1974,1916,2400,2828,3172,3430,3318,3056,2788,3506,3675,3730,3603,2931,2799,2922,2989,3017,3136,2840,2754,3190,3338,3457,3760,3363,3400,4851,5149,5316,4898,2758,Europe,Eastern Europe,Upper middle income,11450,0.048678393,0.039867334
Guayaquil,Ecuador,Upper middle income,-2.1709979,-79.9223592,7,128,174,247,331,474,553,752,971,1442,2503,3925,4682,5677,6273,7547,9105,9386,10167,9940,10178,10853,11075,10814,11673,14562,15937,28235,26472,15759,16451,17468,19987,24605,11883,308353,308353,2,66,64,104,132,140,180,281,344,457,754,1065,1260,1561,1746,1955,2238,2219,2240,2411,2449,2470,2345,2370,2529,3158,3459,5564,5235,3023,2989,3200,3509,4095,2650,South America,South America,Upper middle income,6030,0.184289843,0.146553462
Los Angeles,United States,High income,34.0522342,-118.2436849,36,781,1445,1407,2110,1928,2282,2378,2204,2942,2288,3016,3258,4030,4855,4980,5511,4939,6121,6510,7293,9283,9621,10254,9911,11011,13720,17814,20721,19883,24124,26010,25277,30097,13777,298040,298040,15,424,681,760,1092,958,1201,1374,1257,1519,1300,1629,1612,1849,2034,2034,2080,1954,2355,2559,2673,3567,3346,3879,3566,3881,4880,5671,6135,5900,7671,8084,7710,8893,4474,North America,North America,High income,55980,0.104978449,0.082961242
Caracas,Venezuela,Upper middle income,10.4805937,-66.9036063,0,55,115,238,237,319,310,372,549,633,1248,2357,3585,4277,4711,3863,4864,5499,6998,10209,7667,8174,8617,8175,9530,11266,13543,23281,21623,25909,33901,23029,20139,21884,10888,287177,287177,0,27,50,93,103,135,122,149,205,271,400,661,900,1252,1026,1170,1290,1322,1632,2472,1950,1865,1663,1592,1929,2230,2589,4351,3887,4149,4129,3235,3034,3329,2295,South America,South America,Upper middle income,11780,0.204427824,0.152728872
Santiago,Chile,High income,-33.4488897,-70.6692655,17,646,1167,1692,2284,2100,3038,3172,3471,4030,3798,4548,4986,6222,6527,6040,6604,4054,6687,6691,7392,7551,7970,8505,8244,10629,15123,17088,17770,14863,21541,23968,21598,26152,11168,286168,286168,4,317,551,763,951,929,1348,1423,1488,1661,1748,2029,2149,2552,2818,2568,2340,1915,2189,2511,2682,2753,2693,3018,3054,3487,4060,4807,4717,3884,5876,6062,6022,6584,3511,South America,South America,High income,14100,0.106616385,0.078344243
Dublin,Ireland,High income,53.3498053,-6.2603097,10,614,982,1138,1394,1913,2244,2347,2447,2829,3341,3162,3892,6065,6802,6721,7319,5686,8476,7864,8602,8403,9922,9233,9683,10401,12466,14087,15146,16390,22703,17891,19992,19400,8838,269565,269565,9,335,438,513,591,776,945,947,953,1138,1261,1235,1559,1858,2092,1965,1933,1843,2061,2105,2296,2463,2651,2556,3050,3388,3981,4313,4099,4464,5548,4887,5360,4884,2927,Europe,Western Europe,High income,52580,0.108701437,0.081193005
Toronto,Canada,High income,43.653226,-79.3831843,47,1335,2184,2026,2016,2360,3117,2954,3427,3931,4247,4425,5394,5092,5841,5159,5577,4927,5804,5778,7006,8876,8774,8487,9245,9501,11040,12137,12431,13654,19101,19227,20985,25033,8989,261138,261138,25,636,840,903,884,979,1405,1335,1533,1778,1981,2077,2339,2173,2395,2118,2229,2280,2261,2283,2678,3149,3136,3063,3261,3395,3899,4437,4255,4584,5564,5622,6294,6714,3383,North America,North America,High income,47540,0.097447381,0.077322267
Kuala Lumpur,Malaysia,Upper middle income,3.139003,101.686855,10,544,751,1311,1334,1294,1434,1598,1813,2365,2640,3136,3379,4300,4876,5965,6044,5944,6115,5579,6789,7466,7540,7033,7695,8208,9794,16273,16200,14774,20919,20679,21828,23047,10411,248677,248677,7,217,329,569,635,636,712,807,865,1100,1231,1465,1648,1869,2262,2672,2388,2567,2559,2231,2701,3012,2814,2850,2833,3176,3602,5633,4829,4493,6070,6421,6888,7420,3963,Asia,South East Asia,Upper middle income,10570,0.113071803,0.097502803
Santo Domingo,Dominican Republic,Upper middle income,18.4860575,-69.9312117,7,138,249,341,449,338,341,384,594,859,1255,2128,2583,3846,3912,4563,5219,5038,6465,7007,8109,8763,10280,9632,9550,10796,12985,21748,21716,13682,13153,13436,15113,18333,8493,233012,233012,3,68,73,114,154,127,145,187,244,315,412,720,842,1197,1321,1415,1537,1581,1779,1885,2015,2176,2213,2085,2199,2517,2683,4013,3968,2406,2567,2468,2761,3056,1949,North America,Central America,Upper middle income,6240,0.161957805,0.127271748
Rome,Italy,High income,41.9027835,12.4963655,41,642,1042,1834,2100,2782,2951,2979,3018,2793,2851,2009,3301,4125,4084,4583,4204,3959,5314,4967,5810,6857,6754,5037,6869,8082,11963,12782,12554,14879,18797,19261,20240,19334,8283,228798,228798,14,282,460,722,775,1077,1206,1281,1320,1268,1269,982,1371,1583,1657,1832,1628,1537,1890,1861,2059,2344,2331,1642,2000,2107,2506,3157,3007,3287,4189,4408,4371,4846,2391,Europe,Western Europe,High income,32810,0.097621026,0.076705017
Seoul,South Korea,High income,37.566535,126.9779692,14,1131,1720,2618,2422,2214,2375,2930,3047,2659,3170,3305,3193,4037,4721,5507,4711,4287,4685,4969,5546,5932,5393,6496,7047,7449,8043,15726,12472,6990,12611,12479,16066,15712,6467,201677,201677,7,623,818,1225,1180,1071,1164,1291,1252,1149,1237,1443,1390,1692,1689,2129,1751,1511,1676,1683,1832,1909,1665,1866,1901,2163,2334,4022,2990,1948,2824,2882,3287,3373,1797,Asia,East Asia,High income,27450,0.094552245,0.054703824
Amsterdam,Netherlands,High income,52.3702157,4.8951679,28,922,1571,1793,1769,2028,2208,2441,2370,2674,2710,2826,3229,4883,5168,4574,4157,3309,3864,4755,4893,5551,4980,5785,5862,7255,9223,9908,10426,10651,12788,13699,15123,16168,7237,189591,189591,17,470,728,798,842,999,1116,1169,1151,1244,1286,1306,1521,1874,1947,1880,1759,1532,1563,1895,2020,2215,1995,2181,2234,2616,2912,3143,3190,3402,4032,4311,4539,4855,2443,Europe,Western Europe,High income,48860,0.0874175,0.065818958
Singapore,Singapore,High income,1.3553794,103.8677444,5,563,1150,1656,2331,2125,2141,2230,2638,2414,2625,2746,2721,3617,3713,4112,4229,3866,4284,5122,5061,4899,4008,3391,3713,4569,5505,8688,9559,8869,11154,16366,20717,21016,10974,181803,181803,4,292,476,737,897,899,923,929,999,1016,1113,1115,1122,1178,1227,1331,1309,1182,1147,1199,1239,1147,995,904,949,1028,1518,2337,2110,1843,2071,2530,3145,3682,2438,Asia,South East Asia,High income,52090,0.091548649,0.059641972
Stockholm,Sweden,High income,59.3293235,18.0685808,51,1053,1945,2249,2760,2821,3259,3259,3853,2891,2482,3493,3918,4168,4765,3696,4350,3811,3935,4327,5002,4299,4184,5536,6060,7222,7184,7775,8064,8330,12193,10194,12223,9595,3230,170947,170947,21,465,702,783,944,1057,1264,1240,1394,1264,1111,1411,1385,1494,1745,1349,1282,1207,1254,1497,1852,1678,1433,1806,1846,2023,2341,2444,2461,2710,3479,3099,3617,3269,1349,Europe,Western Europe,High income,57920,0.058435005,0.05285084
Sydney,Australia,High income,-33.8674869,151.2069902,117,955,1511,2100,2309,2347,2594,2484,2515,2575,2752,3001,3185,3651,4068,4101,4230,2943,3931,3604,4099,4036,4569,5414,5674,6554,6456,8131,9471,8081,10590,9608,10718,10097,4478,158471,158471,26,445,638,837,898,843,1006,996,1053,1122,1127,1139,1316,1398,1552,1573,1658,1242,1474,1353,1553,1591,1754,1832,1851,2191,2332,2980,3006,2617,3259,3137,3363,3206,1763,Australia,Australia,High income,60070,0.060844764,0.050941999
Kuwait City,Kuwait,High income,29.375859,47.9774052,9,397,893,1135,1263,1192,1164,1228,1445,1535,1868,1755,2318,3375,3474,2853,2568,2485,1924,2563,2988,3384,3634,3553,5233,5498,7606,12848,11240,7074,10118,13310,16666,14814,6040,153410,153410,5,181,318,374,448,474,457,435,484,482,543,584,641,869,932,886,769,626,637,691,719,874,879,797,1109,1230,1630,2427,2178,1586,2107,2406,2367,2488,1191,Asia,West Asia,High income,42150,0.114112705,0.074467453
Mecca,Saudi Arabia,High income,21.3890824,39.8579118,1,27,279,191,318,309,279,290,530,433,1194,2005,1527,3686,2582,3506,3755,3715,3827,3389,4463,4680,4953,4668,5242,8404,7583,14905,13491,7830,8928,10346,10419,11015,5051,148770,148770,1,15,93,90,143,106,123,138,163,218,490,682,427,975,609,929,1008,856,939,857,1073,1109,1427,1338,1218,2031,1474,2541,2523,1541,1559,1708,1702,1812,1367,Asia,West Asia,High income,23550,0.207394903,0.154986302
San Salvador,El Salvador,Lower middle income,13.6929403,-89.2181911,3,69,98,163,182,289,308,303,456,434,788,1180,1524,2128,2319,3019,3516,3090,3446,3566,3842,3719,4255,4478,4956,5664,6709,12822,12966,7623,8636,8087,9528,10809,5243,130975,130975,1,36,57,81,84,91,117,137,181,174,294,443,542,700,707,911,1026,971,954,1003,1057,1090,1113,1158,1287,1441,1753,2735,2567,1612,1664,1753,1798,2034,1309,Central America,Central America,Lower middle income,3940,0.180982688,0.134569581
Berlin,Germany,High income,52.5200066,13.404954,95,612,988,1223,1032,1123,1233,1083,2022,1847,1798,2009,2075,2088,2000,2075,2417,1996,2667,2573,4127,4876,4737,3735,3656,3699,5860,6445,6279,7033,8227,9605,13214,12746,6492,127195,127195,23,304,378,495,443,459,588,557,825,814,859,914,899,964,918,944,908,868,1059,1057,1277,1405,1439,1360,1454,1361,1526,1864,1808,1951,2333,2504,3360,2950,1902,Europe,Western Europe,High income,45940,0.112200396,0.07543315
Lima,Peru,Upper middle income,-12.046374,-77.0427934,2,90,132,322,393,374,475,527,580,682,873,1155,1521,1635,1762,2283,2223,2354,2816,2800,2812,3002,3333,3171,4418,4545,5566,10499,10713,7210,9863,11998,12312,13982,6618,126423,126423,2,57,71,165,201,200,233,271,279,346,462,568,694,710,746,869,862,954,1016,1063,1100,1200,1236,1232,1548,1647,2087,3192,3039,2062,2629,3090,3330,3490,1998,South America,South America,Upper middle income,6130,0.148454352,0.113932462
Montevideo,Uruguay,High income,-34.9011127,-56.1645314,1,67,142,231,186,241,209,256,356,355,372,655,680,830,1126,1066,862,1100,1416,1417,1390,1679,1826,2150,2882,3953,5581,9664,9067,8240,10899,12485,17400,23350,10766,122134,122134,1,41,59,89,73,98,87,135,130,151,173,199,272,311,348,360,319,356,409,453,455,553,569,665,805,963,1235,1953,1739,1525,1819,2171,2587,3510,2284,South America,South America,High income,15720,0.202733632,0.155682703
Asuncion,Paraguay,Upper middle income,-25.2637399,-57.575926,0,34,65,138,96,158,190,195,216,428,652,880,1376,1880,2076,2620,2503,3136,3366,3636,3812,3807,4215,3613,3993,5390,5990,8303,8095,7384,7663,9350,13099,14754,7567,123113,123113,0,16,26,49,53,74,89,88,118,161,250,344,549,659,689,897,977,1038,1173,1238,1488,1365,1416,1194,1507,1756,2102,2839,2358,2126,2322,2783,3317,3676,2286,South America,South America,Upper middle income,4190,0.211421347,0.172431579
Minsk,Belarus,Upper middle income,53.9045398,27.5615244,16,212,256,455,508,495,688,701,793,993,903,999,1459,1642,1767,2405,2508,2145,2564,2967,3059,3148,2414,2905,4832,4768,5465,8884,8513,8540,11564,10808,13161,11800,4681,124337,124337,4,54,66,116,136,146,191,232,259,305,288,330,436,447,507,582,554,582,630,574,698,707,644,713,991,1167,1230,1657,1407,1445,1675,1730,2158,2015,1224,Europe,Eastern Europe,Upper middle income,6460,0.133540526,0.1058611
Cairo,Egypt,Lower middle income,30.0444196,31.2357116,2,55,234,341,459,318,339,617,772,1184,568,732,879,1286,2256,2152,2075,4212,1531,1656,2183,2268,2828,3142,3725,4592,6127,13572,10997,7830,7326,8180,12299,11648,4421,118385,118385,1,30,83,100,146,121,103,144,219,265,222,274,331,426,562,585,618,455,482,543,552,630,757,627,685,792,1128,1919,1725,936,1156,1260,1464,1528,795,Africa,Africa,Lower middle income,3340,0.194876925,0.112025866
Rio de Janeiro,Brazil,Upper middle income,-22.9068467,-43.1728965,6,269,431,558,745,964,709,551,642,913,785,966,1153,1208,1288,1834,1961,1883,2052,2003,2277,2677,3447,3130,3324,3321,5084,6878,6932,6906,8649,8056,11660,14260,8431,107522,107522,5,114,194,274,344,354,312,327,337,412,430,467,518,571,608,768,744,668,717,694,804,910,1131,988,1064,1139,1429,1859,2070,1988,2370,2478,2757,3699,2378,South America,South America,Upper middle income,9850,0.124904529,0.091872336
Guatemala City,Guatemala,Lower middle income,14.6349149,-90.5068824,0,89,163,294,287,347,368,378,414,480,577,856,1034,1304,1329,1901,1782,1654,2253,3083,2940,2207,2251,2180,2195,3449,5199,7377,7296,5963,7083,9798,12135,14785,6979,103451,103451,0,49,71,125,115,131,148,177,178,226,278,364,384,531,579,680,682,676,782,826,836,743,694,715,783,966,1257,1990,1751,1344,1531,1835,2120,2645,1857,Central America,Central America,Lower middle income,3590,0.164942328,0.126065302
Beirut,Lebanon,Upper middle income,33.8886289,35.4954794,0,47,200,231,237,293,402,381,447,570,657,855,969,1331,1524,1805,2428,1616,2157,2278,2535,2531,2233,2538,2845,3259,4333,9597,9588,7199,7351,9013,8382,10218,4368,100050,100050,0,24,52,82,106,114,147,152,190,197,230,286,308,431,474,520,571,524,545,516,586,643,617,588,666,672,812,1352,1176,808,944,1060,1046,1135,701,Asia,West Asia,Upper middle income,7710,0.164947155,0.098379178
Brussels,Belgium,High income,50.8503396,4.3517103,6,231,403,598,442,675,768,729,1012,986,885,976,1137,1570,2034,1899,2155,1751,2318,2103,2501,2460,2773,2900,2941,3869,4055,5935,5275,5536,6843,7153,7295,7552,3299,89766,89766,4,132,204,273,235,337,392,340,476,478,423,478,541,707,828,805,705,742,774,808,913,983,928,903,1107,1284,1488,1841,1551,1728,2137,2120,2165,2237,1129,Europe,Western Europe,High income,44250,0.116980069,0.090570183
Doha,Qatar,High income,25.2854473,51.5310398,15,105,194,280,323,300,423,642,640,735,760,1313,1539,1591,1525,1603,1834,1513,1617,1847,1887,2562,2682,2792,2925,3019,3864,8103,8065,5557,7983,7733,6992,6314,2997,89277,89277,3,54,85,115,129,148,174,244,199,266,302,466,449,582,579,632,625,576,547,611,571,764,639,655,771,919,927,1480,1477,1126,1373,1460,1473,1336,738,Asia,West Asia,High income,83990,0.137236347,0.101600799
Dubai,United Arab Emirates,High income,25.2048493,55.2707828,5,182,336,406,492,523,625,598,690,776,882,1909,1261,2407,2684,2693,2388,1774,2199,2533,2947,2507,2292,2743,2674,2905,3640,5539,5763,4364,5363,6612,7624,6575,2540,86911,86911,3,90,153,203,224,232,297,294,305,316,328,515,464,723,697,865,875,704,759,778,858,854,689,940,946,1162,1233,1774,1758,1330,1777,1941,2003,1917,785,Asia,West Asia,High income,43090,0.128939628,0.094469994
San Jose,Costa Rica,Upper middle income,9.9280694,-84.0907246,7,133,268,315,265,392,544,522,664,926,816,859,1025,1130,1440,1462,1651,1451,2144,2293,2161,2289,2217,2242,2839,2741,3150,5455,6065,4823,5170,6459,6567,9498,4892,79983,79983,2,58,98,109,130,181,247,224,251,295,313,369,438,487,559,548,564,562,631,630,660,795,745,727,880,936,1071,1428,1515,1230,1405,1668,1664,2112,1337,Central America,Central America,Upper middle income,10400,0.150109462,0.108942633
Kiev,Ukraine,Lower middle income,50.4501,30.5234,12,323,380,566,687,841,1131,1359,1440,1823,1345,1247,1721,2068,1690,1800,1718,1506,1741,1626,1624,1636,1616,1885,2383,2408,2711,4014,4172,5024,4831,5037,5220,4449,1976,72034,72034,3,122,147,212,278,288,369,452,498,621,561,463,585,638,628,681,606,538,610,611,587,569,556,581,710,749,839,1183,968,917,1237,1351,1432,1377,695,Europe,Eastern Europe,Lower middle income,2640,0.08014289,0.067003321
Copenhagen,Denmark,High income,55.6760968,12.5683371,19,339,448,588,670,787,954,1060,1389,1258,1029,1383,1301,1434,1713,1399,1488,1299,1360,1532,2246,2245,1642,2440,2244,2360,3317,3703,4047,4364,4832,4465,6874,5474,1909,71703,71703,11,190,230,253,259,318,417,435,504,511,455,554,528,548,573,509,501,485,524,574,789,758,645,843,797,840,983,1164,1166,1220,1483,1487,2029,1780,749,Europe,Western Europe,High income,58550,0.094994705,0.07830495
Cape Town,South Africa,Upper middle income,-33.9248685,18.4240553,3,142,232,337,282,276,394,493,480,491,575,672,740,988,1136,1236,1262,1292,1435,1273,1734,1923,1760,1600,1985,2368,2577,4718,4616,5408,6185,5947,6935,5699,2541,67194,67194,2,63,86,151,142,148,188,190,182,197,234,304,346,406,474,534,554,507,598,539,645,572,636,612,720,819,950,1397,1231,1350,1522,1362,1423,1367,726,Africa,South Africa,Upper middle income,6080,0.124198778,0.089557167
Manama,Bahrain,High income,26.2285161,50.5860497,0,74,105,164,192,234,291,319,410,591,621,1099,1028,1229,1454,1496,1730,1248,2022,2119,2217,2160,1731,3262,2199,2186,2456,4797,4344,2631,4081,4870,6065,5310,2955,64735,64735,0,25,51,70,99,106,127,132,155,221,213,321,346,452,405,448,519,378,416,351,393,410,360,383,468,514,619,1051,955,625,767,904,883,971,485,Asia,West Asia,High income,19840,0.166293082,0.102386559
Vienna,Austria,High income,48.2081743,16.3738189,12,337,486,550,517,502,694,770,954,1193,1094,1287,1607,1513,1286,1325,1432,1214,1511,1694,1790,2008,1759,2008,2139,2457,2640,3391,3500,2681,4306,4793,4476,5179,2766,63105,63105,6,142,190,247,235,216,310,320,370,459,425,432,477,569,531,539,546,477,552,535,644,733,713,749,668,812,897,1069,987,852,1257,1349,1381,1539,829,Europe,Western Europe,High income,47410,0.096129387,0.076770163
Taipei,Taiwan,High income,25.0329694,121.5654177,6,257,334,640,615,699,722,652,832,953,900,1025,980,1193,1395,1578,1337,1101,1564,1464,1633,1750,1420,1575,1941,2387,2320,3784,4318,2590,3853,3255,3393,4375,2656,56841,56841,4,158,159,286,270,301,344,331,353,389,391,450,468,504,554,630,533,494,542,548,563,605,540,646,648,708,892,1192,982,759,1096,974,1085,1215,678,Asia,East Asia,High income,NA,0.091606898,0.062921175
Ulan Bator,Mongolia,Lower middle income,47.8863988,106.9057439,0,14,27,39,58,70,95,77,111,212,199,308,476,567,839,969,1167,1199,1576,1412,1830,1591,1140,1429,1608,1605,3343,5751,5265,4245,3840,5536,5449,4525,2683,56572,56572,0,7,8,18,17,20,30,38,44,53,65,94,120,142,147,180,217,212,227,229,272,251,258,260,280,300,392,660,626,397,430,483,521,544,384,Asia,East Asia,Lower middle income,3870,0.205884465,0.143331908
San Juan,Puerto Rico,High income,18.4655394,-66.1057355,12,84,217,335,397,356,468,400,378,430,458,583,541,802,754,809,1017,753,925,1209,1650,1752,1767,2120,1737,1727,2510,3859,4363,3577,4781,4401,5239,5223,2081,55634,55634,7,55,108,182,181,200,220,217,206,220,224,259,250,312,339,407,459,371,447,501,591,674,677,701,664,683,893,1291,1309,1143,1485,1378,1479,1617,835,North America,North America,High income,19320,0.113012495,0.086723307
Nairobi,Kenya,Lower middle income,-1.2920659,36.8219462,0,15,43,68,97,98,133,124,163,230,322,441,461,691,850,841,963,1122,1234,1402,1310,1208,1669,1744,1723,1759,2294,4342,4032,2707,3324,3568,4448,5722,4080,49148,49148,0,7,24,41,50,57,56,74,79,112,171,205,237,286,353,320,375,389,409,445,416,486,476,521,622,615,689,1119,1059,643,804,980,1141,1297,819,Africa,Africa,Lower middle income,1340,0.173380788,0.135689844
Belgrade,Serbia,Upper middle income,44.786568,20.4489216,0,25,53,111,208,199,305,414,432,503,393,559,630,947,1092,1251,1187,959,1347,1280,1296,1338,1115,1274,1594,1821,2107,3489,3372,2887,4015,4292,4817,4919,2005,50231,50231,0,16,24,56,83,107,128,166,201,208,188,223,244,315,358,382,376,347,391,397,440,454,420,371,483,516,633,956,797,771,902,939,1073,1097,600,Europe,Eastern Europe,Upper middle income,5540,0.136277646,0.103063775
Lagos,Nigeria,Lower middle income,6.5243793,3.3792057,0,4,5,11,12,4,14,47,114,85,301,1064,1109,1191,980,1137,1673,2088,2046,1539,1453,1276,1906,2055,2690,2321,2818,4348,3588,1905,2123,2509,2982,3460,2061,48858,48858,0,2,1,7,6,3,6,29,44,44,134,287,309,326,307,415,475,457,493,421,436,428,567,609,619,634,656,1030,916,569,595,622,711,779,515,Africa,Africa,Lower middle income,2820,0.424580508,0.324286534
Lisbon,Portugal,High income,38.7222524,-9.1393366,2,136,246,231,328,277,445,338,372,412,436,552,769,934,842,755,709,693,988,1210,1181,1183,1688,1573,1602,1533,2100,2534,3206,2644,3769,3978,5775,4923,2522,48364,48364,2,71,108,121,125,135,179,171,208,202,244,239,323,337,353,349,304,316,405,405,463,470,581,588,513,531,613,876,789,770,1081,1157,1716,1325,789,Europe,Western Europe,High income,20530,0.119970541,0.098722993
Prague,Czech Republic,High income,50.0755381,14.4378005,5,289,539,658,722,688,658,839,953,909,990,1166,905,1024,1001,1213,1299,1151,1423,1192,1125,1249,1580,1883,1408,1357,1507,2170,1864,1960,2509,3556,4319,4593,1973,48704,48704,3,115,164,227,229,226,307,340,331,363,422,451,438,456,435,484,439,424,528,508,508,541,678,700,587,564,596,843,707,703,1015,1286,1248,1493,749,Europe,Eastern Europe,High income,18140,0.080261986,0.077419592
Athens,Greece,High income,37.983917,23.7293599,16,243,365,556,548,675,670,671,737,796,623,689,962,1146,1064,1270,1348,1272,792,986,1125,1263,1396,1423,1527,1655,2492,2643,2504,2414,3213,3386,4029,4149,2018,48648,48648,3,91,156,239,242,277,293,318,348,354,350,318,412,412,427,443,408,347,339,385,365,477,459,403,468,491,592,749,709,680,906,1045,1203,1209,660,Europe,Western Europe,High income,20320,0.086294548,0.064631655
Amman,Jordan,Upper middle income,31.9565783,35.9456951,0,12,14,29,47,45,63,60,85,213,278,336,382,378,358,451,550,637,664,737,1319,1013,1213,1089,1659,1867,2821,4882,4069,2231,3798,4663,4832,5123,3011,45918,45918,0,7,11,17,21,29,40,38,50,81,103,117,136,158,165,178,208,184,205,201,240,263,280,278,366,478,536,817,704,447,562,620,726,795,478,Asia,West Asia,Upper middle income,4680,0.22624537,0.151283666
Helsinki,Finland,High income,60.1698557,24.938379,1,139,148,232,303,341,387,468,671,579,518,881,854,789,824,701,886,692,896,977,1322,1260,1213,1624,1510,1506,2110,2137,2520,2388,4071,3811,4259,3857,1313,44875,44875,1,66,76,117,158,172,182,190,254,262,252,347,355,347,358,323,367,316,398,400,559,490,475,609,568,588,786,763,792,819,1036,1054,1243,1176,510,Europe,Western Europe,High income,46550,0.114477133,0.081891498
Mumbai,India,Lower middle income,19.0759837,72.8776559,4,44,58,152,145,175,127,139,200,221,313,469,477,560,541,643,872,633,777,763,890,904,919,1068,1247,1516,1866,4047,4117,2439,3507,3596,4352,4095,2294,41876,41876,3,36,40,81,82,102,82,81,107,125,168,220,250,252,275,337,336,312,270,320,344,414,364,403,477,474,637,1089,1016,687,848,985,1027,1142,700,Asia,South Asia,Lower middle income,1600,0.154858984,0.112791329
Panama City,Panama,Upper middle income,9.1011785,-79.4028639,0,4,10,28,38,52,58,58,122,139,189,330,549,766,777,884,941,1093,1417,1032,1086,1330,1257,935,796,1491,1621,3958,4146,2022,2393,2485,3481,3155,1726,38643,38643,0,4,6,19,26,32,35,42,66,82,106,155,226,300,302,354,351,354,361,387,411,379,339,273,338,451,499,950,934,466,441,476,557,665,488,Central America,Central America,Upper middle income,11880,0.226814728,0.147861522
Tel Aviv,Israel,High income,32.0852999,34.7817676,10,176,225,360,418,479,482,368,500,569,554,562,431,564,737,767,757,673,574,698,752,1084,1447,1478,1039,1250,1532,2261,2116,1923,2228,2463,2502,2579,1424,34558,34558,7,92,108,152,183,187,184,169,201,238,222,227,207,259,255,277,239,241,239,226,284,421,429,474,346,469,521,723,696,494,643,749,757,830,470,Asia,West Asia,High income,35770,0.082976373,0.068566281
Baghdad,Iraq,Upper middle income,33.3128057,44.3614875,0,1,8,21,20,9,25,20,48,47,84,170,103,96,144,126,196,269,279,273,1024,747,1149,1057,1166,1234,2139,3274,2931,2102,3848,4375,4593,2773,1189,34351,34351,0,1,2,7,5,7,11,14,17,23,29,24,44,37,61,64,76,84,77,116,128,145,178,168,223,277,366,481,449,342,422,426,438,304,162,Asia,West Asia,Upper middle income,5820,0.333520205,0.181425361
Budapest,Hungary,High income,47.497912,19.040235,18,206,276,384,328,398,476,591,544,558,760,787,834,992,882,880,813,646,872,866,881,1008,1290,1389,1113,1133,1266,1620,1533,1405,2188,2499,2384,2287,1206,34107,34107,10,88,109,164,138,159,212,253,239,272,333,386,337,367,375,361,343,311,373,384,361,417,507,548,472,435,493,595,539,553,782,938,929,914,534,Europe,Eastern Europe,High income,12980,0.082825759,0.076278878
Accra,Ghana,Lower middle income,5.6037168,-0.1869644,0,15,41,32,32,43,63,76,105,127,230,330,562,349,378,638,867,598,795,754,608,623,792,934,893,884,1528,3338,2878,1960,1860,2580,2806,3499,1835,31218,31218,0,10,13,16,23,17,35,32,39,62,91,131,137,140,144,174,199,182,212,227,216,194,220,254,292,311,380,640,576,382,431,499,538,638,340,Africa,Africa,Lower middle income,1480,0.22855704,0.151681249
Baku,Azerbaijan,Upper middle income,40.4092617,49.8670924,0,41,66,89,222,213,228,145,294,210,455,314,478,517,421,590,799,535,707,778,827,877,583,634,634,1100,1269,2491,2680,1973,2368,2092,2319,2692,1221,29641,29641,0,17,20,27,47,42,66,65,100,75,102,112,138,172,150,171,200,169,190,236,196,197,181,183,236,287,323,496,496,379,483,492,546,502,309,Asia,West Asia,Upper middle income,6560,0.152490753,0.106430586
Warsaw,Poland,High income,52.2296756,21.0122287,1,72,117,79,130,164,162,213,246,757,374,318,506,527,668,640,577,451,681,589,739,790,647,623,758,1024,1800,1583,1481,1335,2573,2399,2419,2554,1017,27997,27997,1,51,52,47,62,78,88,113,120,245,139,149,227,224,220,228,195,203,266,240,288,318,272,244,315,398,525,487,470,449,680,699,769,809,373,Europe,Eastern Europe,High income,13340,0.176839488,0.121506309
Almaty,Kazakhstan,Upper middle income,43.2220146,76.8512485,0,37,54,46,98,103,249,239,258,338,279,404,484,488,587,785,722,584,638,593,587,541,583,566,850,857,923,1400,1408,1554,1690,1699,1420,1615,587,22679,22679,0,9,7,19,36,41,61,71,82,90,87,106,132,145,158,169,162,151,162,150,147,135,151,164,165,195,233,304,307,227,255,257,294,259,158,Asia,South Asia,Upper middle income,11390,0.131984336,0.079881153
Casablanca,Morocco,Lower middle income,33.5731104,-7.5898434,0,24,29,33,58,57,37,44,74,68,102,218,180,221,241,375,401,428,228,326,304,391,731,903,501,577,931,932,1129,1216,1166,1833,1627,1624,1089,17009,17009,0,13,11,18,23,25,23,31,46,47,58,90,76,91,94,109,116,105,92,120,128,147,170,235,195,180,247,318,303,288,316,325,329,365,215,Africa,Africa,Lower middle income,3030,0.179587423,0.11543651
Abidjan,Ivory Coast,Lower middle income,5.3599517,-4.0082563,0,0,0,13,8,13,6,30,22,46,63,109,110,77,81,140,269,279,249,321,407,735,630,1068,950,722,837,1808,1667,944,1064,1068,1146,1618,751,16500,16500,0,0,0,6,2,7,4,10,10,16,30,46,34,47,55,64,93,90,77,102,121,123,151,186,179,181,180,350,327,181,167,213,220,286,207,Africa,Africa,Lower middle income,1420,0.356531497,0.283781096
Sofia,Bulgaria,Upper middle income,42.6977082,23.3218675,0,32,24,65,63,80,93,105,135,172,161,170,254,258,278,337,359,278,411,1056,464,1456,1037,422,409,454,688,982,607,625,1024,1222,1313,1301,705,16335,16335,0,22,15,32,39,42,49,54,61,71,84,97,99,106,108,129,135,113,121,108,130,171,170,142,151,160,227,283,265,187,271,321,399,376,206,Europe,Eastern Europe,Upper middle income,7480,0.209084979,0.094022967
Phnom Penh,Cambodia,Lower middle income,11.5448729,104.8921668,1,32,59,75,174,143,109,121,123,142,246,258,276,263,354,276,365,260,280,223,329,471,519,497,358,414,477,950,1041,825,1573,1677,1732,1562,748,16205,16205,1,18,32,31,53,50,59,55,52,68,86,109,117,120,137,141,135,110,121,114,123,154,174,173,157,166,196,297,291,253,273,298,329,332,172,Asia,South East Asia,Lower middle income,1070,0.120191364,0.074971059
Kathmandu,Nepal,Low income,27.7172453,85.3239605,0,36,39,43,74,117,117,114,136,99,138,147,152,214,176,188,184,241,169,243,188,262,304,381,447,524,742,1011,944,733,1033,1439,1679,2175,1077,14489,14489,0,14,20,23,44,34,49,58,53,50,75,78,67,98,79,83,70,100,89,120,101,120,129,148,173,194,244,325,320,263,329,398,474,530,359,Asia,South Asia,Low income,730,0.15087252,0.110061575
Colombo,Sri Lanka,Lower middle income,6.9270786,79.861243,0,43,57,131,111,86,69,93,100,103,93,168,331,292,235,265,238,177,242,232,269,236,360,353,290,307,335,971,1066,1056,1253,1612,1801,1367,675,14342,14342,0,14,10,36,34,25,30,44,42,43,44,73,98,101,99,99,76,75,90,83,79,92,99,103,120,147,149,284,225,163,245,349,395,366,250,Asia,South Asia,Lower middle income,3800,0.149744336,0.115099025
Kampala,Uganda,Low income,0.3475964,32.5825197,0,8,26,11,34,36,25,32,47,53,99,112,299,201,267,271,348,293,398,268,270,317,433,599,537,459,537,1407,1250,647,800,1290,1330,1364,734,14068,14068,0,6,7,5,15,14,13,23,19,22,47,45,66,75,92,100,78,106,127,103,110,122,121,134,182,210,209,379,309,198,260,332,333,377,267,Africa,Africa,Low income,700,0.215711894,0.156963957
Bucharest,Romania,Upper middle income,44.4267674,26.1025384,3,76,57,83,154,150,115,209,287,197,176,201,290,269,475,206,249,242,395,411,407,320,200,305,315,359,566,661,844,761,973,1132,1293,1433,622,13814,13814,3,30,36,42,59,64,62,96,127,80,98,98,129,123,142,104,90,105,132,138,103,113,93,127,135,153,186,233,229,237,291,352,356,385,180,Europe,Eastern Europe,Upper middle income,9500,0.130717127,0.08675435
Karachi,Pakistan,Lower middle income,24.8614622,67.0099388,0,19,4,19,22,21,27,23,36,43,63,89,53,80,93,127,106,106,108,124,239,200,295,238,259,348,491,1261,1305,988,862,1161,1612,2220,1021,12642,12642,0,7,4,8,14,13,12,16,14,17,18,34,35,32,37,51,42,53,49,58,89,68,80,83,87,118,141,235,232,163,158,224,264,308,192,Asia,South Asia,Lower middle income,1440,0.227526211,0.141194533
Damascus,Syria,Lower middle income,33.5138073,36.2765279,0,1,2,36,11,31,77,53,75,40,68,133,60,103,89,187,249,138,159,129,338,470,361,428,454,594,722,1218,1449,780,699,1359,1132,945,351,12590,12590,0,1,1,2,8,6,11,11,6,21,16,27,23,27,36,40,49,36,32,48,66,102,121,127,128,126,180,215,197,129,134,154,144,148,80,Asia,West Asia,Lower middle income,1860,0.312033647,0.185880104
Beijing,China,Upper middle income,39.904211,116.407395,38,50,89,54,78,112,110,148,186,170,149,144,232,516,407,366,452,330,491,545,459,286,267,381,403,409,404,436,363,426,793,1040,949,812,383,12095,12095,8,33,45,35,45,57,58,71,98,79,87,78,104,153,144,143,152,118,155,155,165,142,132,181,178,152,161,184,164,133,232,301,273,315,141,Asia,East Asia,Upper middle income,7930,0.130207414,0.091528156
Ho Chi Minh City,Vietnam,Lower middle income,10.8230989,106.6296638,2,11,36,44,75,56,89,46,58,79,77,133,107,95,122,263,172,120,269,159,161,421,295,281,229,518,455,1033,853,288,753,510,595,908,327,9313,9313,1,8,13,32,36,34,43,33,43,49,45,54,70,59,76,99,80,68,84,66,94,106,104,103,90,117,115,155,136,111,135,141,180,177,110,Asia,South East Asia,Lower middle income,1990,0.246510339,0.075470941
Dar es Salaam,Tanzania,Low income,-6.792354,39.2083284,0,0,0,6,4,7,14,12,13,29,29,39,43,94,104,83,84,102,187,134,187,167,192,207,299,289,338,774,816,496,991,850,969,1212,540,8771,8771,0,0,0,5,4,5,8,10,9,12,23,28,32,50,52,46,51,51,74,66,86,82,88,88,116,127,123,242,221,148,177,177,177,237,127,Africa,Africa,Low income,920,0.294167555,0.184325848
Dhaka,Bangladesh,Lower middle income,23.810332,90.4125181,2,20,15,25,42,43,33,74,61,69,89,80,120,114,66,134,108,120,126,86,138,146,154,197,150,225,231,339,283,386,402,451,539,807,449,5875,5875,1,9,9,14,25,20,23,20,18,25,33,30,36,47,36,58,41,50,40,44,53,57,63,63,63,78,91,137,112,108,137,181,175,215,133,Asia,South Asia,Lower middle income,1190,0.161843257,0.100311283
Port au Prince,Haiti,Low income,18.594395,-72.3074326,0,4,3,4,3,6,12,7,8,5,22,56,73,81,54,72,145,199,287,192,165,239,200,203,166,194,185,274,321,233,284,283,187,304,136,4471,4471,0,4,2,4,3,4,5,6,6,5,11,17,27,32,27,37,58,53,53,50,46,63,62,53,52,64,78,74,98,67,93,92,83,98,56,Central America,Central America,Low income,810,0.316802934,0.16381106
Khartoum,Sudan,Lower middle income,15.5006544,32.5598994,0,0,0,2,1,0,2,5,6,10,9,7,20,37,24,36,27,81,25,75,181,275,219,145,128,202,293,390,376,264,247,257,239,539,303,4122,4122,0,0,0,2,1,0,2,4,5,8,8,5,10,14,14,19,17,11,14,32,31,67,70,58,53,70,75,132,114,77,94,95,84,109,64,Africa,Africa,Lower middle income,1920,0.428274565,0.253588496
Harare,Zimbabwe,Low income,-17.8251657,31.03351,0,8,15,20,12,13,7,16,31,24,45,56,32,53,71,63,59,88,102,69,79,82,120,60,112,129,128,366,205,155,341,420,753,383,164,4117,4117,0,5,2,3,5,6,4,10,16,11,13,21,14,21,32,31,27,41,38,30,43,39,48,34,46,45,60,114,94,58,67,90,113,81,38,Africa,Africa,Low income,860,0.259400936,0.171473837
Kabul,Afghanistan,Low income,34.5553494,69.207486,0,0,2,8,4,7,5,39,29,17,8,31,31,56,27,65,44,28,45,51,106,118,101,72,179,185,157,364,188,223,349,418,358,695,241,4010,4010,0,0,2,7,3,6,3,9,9,7,7,21,9,17,12,20,21,16,28,24,27,27,33,27,40,35,50,83,58,60,80,91,86,87,55,Asia,South Asia,Low income,610,0.531028015,0.246830545
Brazzaville,Congo,Low income,-4.2633597,15.2428853,0,0,0,0,3,0,1,1,2,1,6,38,12,24,34,28,72,50,40,35,27,19,117,131,145,135,131,225,321,411,378,504,448,300,118,3639,3639,0,0,0,0,3,0,1,1,1,1,5,7,6,11,14,15,21,18,18,11,13,10,23,38,41,46,43,65,73,64,53,84,85,64,44,Africa,Africa,Low income,2540,0.608988149,0.253945419
Addis Ababa,Ethiopia,Low income,8.9806034,38.7577605,0,2,12,2,13,39,9,14,22,18,20,30,19,57,35,37,64,29,51,68,101,99,263,373,127,66,149,103,132,139,166,407,519,289,145,3474,3474,0,1,4,1,10,18,6,9,12,6,15,20,11,22,24,19,33,18,27,27,44,37,23,41,33,35,67,59,53,63,54,81,112,99,60,Africa,Africa,Low income,590,0.328563913,0.198647589
Luanda,Angola,Upper middle income,-8.8399876,13.2894368,0,18,1,16,23,12,7,21,17,35,31,25,35,83,50,53,87,70,87,58,45,80,30,128,81,111,129,209,355,294,234,229,391,308,189,3353,3353,0,1,1,4,7,5,7,9,7,4,14,14,17,27,30,30,34,38,31,34,28,21,19,26,24,37,43,83,94,77,64,82,111,112,72,Africa,Africa,Upper middle income,4180,0.283872181,0.177827539
Kigali,Rwanda,Low income,-1.9705786,30.1044288,2,0,3,7,10,14,11,16,18,26,38,38,51,75,44,106,59,57,63,101,85,122,91,142,95,151,131,198,220,153,154,178,381,288,159,3128,3128,1,0,2,4,5,8,7,9,10,13,19,20,22,26,24,36,22,27,25,35,34,41,38,42,37,70,70,82,64,50,61,83,114,106,78,Africa,Africa,Low income,700,0.199891205,0.143261675
Bamako,Mali,Low income,12.6392316,-8.0028892,0,3,1,11,13,12,28,2,3,0,20,27,5,5,25,55,25,26,36,30,65,48,80,59,95,117,234,521,405,242,303,311,277,102,81,3186,3186,0,1,1,1,5,6,3,1,2,0,11,8,4,3,9,18,17,15,20,15,12,15,25,20,19,36,40,71,67,50,44,61,65,43,37,Africa,Africa,Low income,760,0.927539576,0.460401996
Ouagadougou,Burkina Faso,Low income,12.3714277,-1.5196603,0,1,0,0,0,3,0,1,3,4,1,7,5,15,23,16,34,31,16,11,13,23,25,32,21,26,83,127,221,127,184,278,258,92,48,1681,1681,0,1,0,0,0,1,0,1,2,2,1,4,4,6,10,8,10,9,9,6,8,10,11,15,13,16,19,31,33,20,29,36,47,31,21,Africa,Africa,Low income,640,0.537733234,0.226686343
Antananarivo,Madagascar,Low income,-18.8791902,47.5079055,0,1,6,1,2,0,4,41,16,3,5,19,7,15,7,43,31,37,27,32,19,12,18,12,38,59,38,76,86,51,270,333,157,113,69,1579,1579,0,1,3,1,1,0,2,4,7,3,5,8,5,8,5,15,15,11,15,11,9,7,12,10,21,19,15,28,26,27,41,54,42,44,28,Africa,Africa,Low income,420,0.860111643,0.26062219
Maputo,Mozambique,Low income,-25.891968,32.6051351,0,2,0,1,4,1,1,2,0,1,7,8,26,19,17,46,40,27,25,53,57,20,35,34,59,56,71,108,150,77,82,107,120,135,78,1391,1391,0,1,0,1,1,1,1,2,0,1,5,4,13,12,10,23,14,15,15,16,19,13,14,18,26,27,29,49,43,29,33,38,46,51,29,Africa,Africa,Low income,590,0.420843979,0.310166277
Monrovia,Liberia,Low income,6.2907432,-10.7605239,0,0,0,1,0,0,1,1,2,5,7,1,3,8,5,5,11,0,3,10,17,10,53,18,14,18,17,38,75,132,219,319,190,131,45,1314,1314,0,0,0,1,0,0,1,1,2,1,5,1,3,6,4,4,3,0,3,5,8,8,4,10,7,7,11,16,22,19,28,36,37,32,21,Africa,Africa,Low income,380,0.595321927,0.390804076
Freetown,Sierra Leone,Low income,8.4656765,-13.2317225,0,0,0,0,0,7,0,1,1,6,0,3,9,5,12,11,7,13,10,6,1,6,22,23,25,44,24,55,93,151,128,261,226,135,26,1285,1285,0,0,0,0,0,1,0,1,1,4,0,2,7,4,6,7,5,10,6,5,1,3,8,7,13,15,15,25,20,14,11,23,32,25,9,Africa,Africa,Low income,620,0.836962209,0.382903943
Niamey,Niger,Low income,13.5115963,2.1253854,0,0,8,0,1,0,2,0,2,0,5,0,5,3,15,28,31,20,17,43,24,48,29,28,60,73,77,93,41,25,149,234,158,22,53,1241,1241,0,0,1,0,1,0,2,0,2,0,3,0,4,1,3,5,9,4,5,6,8,9,9,8,14,16,12,19,17,12,22,21,23,14,11,Africa,Africa,Low income,390,0.653236443,0.331389271
Mogadishu,Somalia,Low income,2.0469343,45.3181623,0,0,0,0,0,0,0,0,1,0,1,4,1,4,1,6,6,17,3,10,17,14,31,23,22,27,19,27,92,122,127,360,187,50,38,1172,1172,0,0,0,0,0,0,0,0,1,0,1,3,1,4,1,3,3,1,2,5,6,3,11,11,7,7,11,14,15,10,8,20,28,16,15,Africa,Africa,Low income,NA,0.621634015,0.388737125
Lome,Togo,Low income,6.1724969,1.2313618,0,0,0,0,1,1,1,3,9,2,0,10,10,11,4,14,3,13,23,34,67,71,71,63,31,54,30,105,73,31,49,38,85,90,39,997,997,0,0,0,0,1,1,1,2,2,1,0,4,6,5,4,10,2,8,12,12,17,18,18,26,16,20,18,43,25,17,23,24,27,39,19,Africa,Africa,Low income,540,0.739994969,0.349475887
Conakry,Guinea,Low income,9.6411855,-13.5784012,0,2,1,1,1,0,0,0,0,0,0,0,0,0,0,0,1,1,0,5,1,5,19,15,20,25,70,75,133,47,73,33,22,58,27,608,608,0,1,1,1,1,0,0,0,0,0,0,0,0,0,0,0,1,1,0,3,1,3,4,10,11,12,25,22,35,15,26,12,14,19,20,Africa,Africa,Low income,470,0.471697551,0.243416239
Dakar,Senegal,Low income,14.7645042,-17.3660286,0,0,0,0,0,0,0,0,1,1,7,6,3,2,5,6,8,6,3,6,10,7,21,5,9,18,21,37,96,45,55,61,55,58,44,552,552,0,0,0,0,0,0,0,0,1,1,5,5,2,1,2,5,6,6,3,5,7,7,5,5,8,6,13,17,29,26,24,28,22,26,18,Africa,Africa,Low income,980,0.447976507,0.288449017