,city,val,sat,hue
0,Kuala Lumpur,"[0.076723816453681384, 0.081569875847014417, 0.085080722179271456, 0.090612579016781117, 0.096826595115739683, 0.10470326072126973, 0.10861794533630452, 0.10630951839556142, 0.1033844194824685, 0.14617126745190778]","[0.2655618718450134, 0.15662376642866888, 0.12945927509209151, 0.11073536768384191, 0.092742735003865567, 0.075117558779389693, 0.060790395197598802, 0.045484560462049205, 0.034211651280185544, 0.029272818227295466]","[0.27003501750875436, 0.26223475374050664, 0.067037154941106916, 0.10342807767520124, 0.059979080449315568, 0.1757878939469735, 0.021898221838191824, 0.039599799899949974]"
1,San Juan,"[0.089243224638223373, 0.08833784774703321, 0.088277988117863609, 0.092019214940963434, 0.099598940484563692, 0.10103557158463403, 0.10290618499618395, 0.10100564177004924, 0.096216871436481458, 0.14135851428400401]","[0.21521781422564087, 0.14866138904269488, 0.13485626206545651, 0.12405908145399039, 0.10484414049054966, 0.086362479984436497, 0.067244810918396361, 0.047850291067446836, 0.035466830282986396, 0.035436900468401596]","[0.27340885623213562, 0.2567529144156952, 0.058400550708588357, 0.07404636128279185, 0.05247444742079823, 0.2143872618709127, 0.025522649387187048, 0.045006958681890967]"
2,Abidjan,"[0.072751448380662928, 0.07417608509829994, 0.082850539779023014, 0.090606895241713364, 0.095102415550701244, 0.098141640548326844, 0.10190901320163358, 0.10092759679615032, 0.10209896476398518, 0.18143540063950359]","[0.2974958052363314, 0.13613195301864692, 0.11742172412701428, 0.11071010225725773, 0.090670212429163899, 0.077088675721024472, 0.059486497609776173, 0.041631050748725744, 0.032640010130749991, 0.036723968721309397]","[0.31031753569506443, 0.22373128185645993, 0.059549814797226708, 0.11143824991293887, 0.050938677303954155, 0.17890271314148226, 0.021274574983379237, 0.04384715230949441]"
3,Manama,"[0.087552498545115445, 0.066034230103139038, 0.073501468907539461, 0.07898445552260154, 0.087152843510513736, 0.096057438141113283, 0.10621708981019892, 0.11437846630627599, 0.11796133863402115, 0.17216017051948143]","[0.2722071475147767, 0.14321673222411532, 0.11854329245633594, 0.10282352776200192, 0.088316751155143286, 0.075457675129537313, 0.061469748918477382, 0.050468718229177624, 0.04011975628054381, 0.04737665032989069]","[0.28505220055671243, 0.2401786528119588, 0.07611675536203838, 0.12477650869775563, 0.054079636524263265, 0.16160787530762921, 0.019428843875111308, 0.038759526864530963]"
4,Mexico City,"[0.088483396492708422, 0.089819411902089155, 0.090857418861758396, 0.094733202912781464, 0.098810728639030565, 0.1029142045392714, 0.10322225821762486, 0.10070843974997426, 0.096204828908828671, 0.13424610977593279]","[0.23875164595256809, 0.15555957364701234, 0.1317071782366773, 0.11472069660312223, 0.095861616930228349, 0.077913304654205567, 0.06250727232698558, 0.047873048400422905, 0.037020015955171494, 0.038085647293606126]","[0.27881118067431948, 0.25285849537542787, 0.063426410747724968, 0.090633075422087955, 0.056698618864771969, 0.1874146678754425, 0.024559746927206413, 0.045597804113018871]"
5,Karachi,"[0.072734769111369807, 0.07802192471866512, 0.085710128055878923, 0.093204307334109435, 0.099485836243694212, 0.10045595653861079, 0.10528230500582073, 0.10845944897167249, 0.10935681024447032, 0.14728851377570817]","[0.24529491656965463, 0.14301998447807529, 0.12531528909584788, 0.11381936360108653, 0.092355452076057429, 0.079040551028327508, 0.06373690337601863, 0.052992821109817616, 0.039750679084206444, 0.044674039580908036]","[0.25994373302289486, 0.25058207217694994, 0.072176949941792787, 0.10785312378734963, 0.06502231276678308, 0.18987679472254559, 0.019911719053162594, 0.034633294528521534]"
6,Kuwait City,"[0.10104795048096654, 0.065347920684091274, 0.072459816383783751, 0.080299767809255018, 0.089629562997902978, 0.09656155303562694, 0.10385335439728792, 0.10839035031005616, 0.11218242434123607, 0.17022729955979332]","[0.28420596949474619, 0.14258648121391346, 0.12122549488112171, 0.1025124950104289, 0.087521293521709551, 0.072341753293116928, 0.059939506721163091, 0.046752983904065307, 0.035992376497574086, 0.04692164546216078]","[0.29291733897037742, 0.24606878018339134, 0.070618594374574836, 0.10795745231094445, 0.048875308510100017, 0.17162156844004925, 0.019786811790567321, 0.04215414541999539]"
7,Ho Chi Minh City,"[0.07854302241503977, 0.091151482284887925, 0.083875632682574114, 0.088394793926247286, 0.09711677512653652, 0.10091287057122199, 0.10475415762834418, 0.10516088214027476, 0.10416666666666667, 0.1459237165582068]","[0.24100686912509039, 0.17416847433116414, 0.14031995661605207, 0.11767895878524946, 0.092236080983369481, 0.069188358640636299, 0.058026030368763561, 0.043519522776572665, 0.029736080983369488, 0.034119667389732468]","[0.23815979754157629, 0.23644251626898047, 0.071809472161966745, 0.092010122921185822, 0.0625, 0.22952819956616052, 0.02490057845263919, 0.044649313087490962]"
8,Kiev,"[0.081376589524111448, 0.096445806474338647, 0.095255204480608688, 0.097347564197400399, 0.09785480291662263, 0.09864384092430166, 0.098855190390644262, 0.098798830532952908, 0.094339356793124093, 0.14108281376589524]","[0.25157631476980519, 0.153024058614252, 0.12849343055408785, 0.11250132093416464, 0.095170664694071649, 0.078995385536651516, 0.063714819120081728, 0.047997463806403892, 0.035055831484025503, 0.033470710486456022]","[0.26355278452921904, 0.24863151220543167, 0.057613864524992071, 0.084758180985593012, 0.051759484307302123, 0.22526330621015181, 0.0250801366726549, 0.043340730564655323]"
9,Montevideo,"[0.081821503422867495, 0.089210228512562356, 0.093254743551358238, 0.098753152641113992, 0.11055430662194188, 0.1118940205118316, 0.10551008083955404, 0.099207335948481912, 0.090831586799758446, 0.11896304115053005]","[0.21934516408957813, 0.1551936749265441, 0.14005338556864258, 0.12466189985638673, 0.098857183454533454, 0.0795252135169012, 0.063770888626133559, 0.048029250419929261, 0.035814510522336175, 0.034748829019014806]","[0.23964132205402497, 0.25103650212882567, 0.073597994488904223, 0.10841786894147379, 0.070289307154782626, 0.19606509791583146, 0.020869596106710242, 0.040082311209447011]"
10,Ulan Bator,"[0.075443797062932291, 0.070087566867695669, 0.079873249514463868, 0.087948482060717578, 0.099458243892466519, 0.11072268220382296, 0.11489999659272888, 0.11048417322566356, 0.10686565129987394, 0.14421615727963474]","[0.28328733517325971, 0.15774302361238884, 0.12549660976523902, 0.10766295274114962, 0.091546560359807835, 0.073215441752700255, 0.056778765886401579, 0.041330198643906094, 0.030767658182561587, 0.032171453882585438]","[0.24814474087703159, 0.25953184094858428, 0.071062046407032606, 0.10351971106340932, 0.056976387611162221, 0.20949265733074382, 0.018733176598861971, 0.032539439163174214]"
11,San Salvador,"[0.081755841484613942, 0.08545893404657838, 0.090850483320733866, 0.096902065673291307, 0.10215546848917662, 0.10704048074967477, 0.10748945673905286, 0.10405881969201014, 0.096180634168991488, 0.12810781563587664]","[0.25247032729198404, 0.15794745062223467, 0.13306957592874713, 0.11438910484932442, 0.096077024325288862, 0.074633624080462632, 0.059698456980809153, 0.045212265870533744, 0.033619475580694801, 0.03288269446992053]","[0.2502292847467123, 0.22511732855448918, 0.072649687443638158, 0.12514534158630508, 0.07451850203190416, 0.19990943732180066, 0.018227657688426012, 0.034202760626724435]"
12,Singapore,"[0.078662505482981329, 0.076474354772840716, 0.080059090152817619, 0.083416943546720038, 0.091143535628034553, 0.099142386092638438, 0.1057194427778422, 0.10788238437841899, 0.11072597193721924, 0.16677338523048688]","[0.29798680051023235, 0.15340499442878677, 0.12623209522993228, 0.10736811854331681, 0.088786483883816256, 0.071329175510862611, 0.054965942492979265, 0.040095088761274773, 0.029845064812620687, 0.029986235826178147]","[0.28829137697198259, 0.25271880246645928, 0.063060587573925714, 0.097564295833942549, 0.05329962035080997, 0.18136189693507646, 0.023010875209865837, 0.04069254465793759]"
13,Belgrade,"[0.082946574440588144, 0.085669465419284566, 0.092220659833700452, 0.096731718022287069, 0.10318537604343621, 0.10960652193349643, 0.10616836407084393, 0.10139720883354601, 0.092618933439539627, 0.12945517796327755]","[0.26666449919126073, 0.15513163349074624, 0.13308840861246352, 0.11390625127000512, 0.093025335078151042, 0.073339239703814479, 0.057530215961830757, 0.042005673366875017, 0.031886272565450985, 0.033422470759402099]","[0.2637384073932586, 0.24493826759109494, 0.067836561517016031, 0.11387373913891621, 0.059610992351521161, 0.18850533605351497, 0.020693971438092838, 0.040802724516585252]"
14,Guayaquil,"[0.07576012182954367, 0.080403997969507604, 0.086546237462584677, 0.091743247737576361, 0.09985646519280926, 0.10680565037021478, 0.10734653153389696, 0.10623676241488561, 0.10246809851388962, 0.14283288697509147]","[0.24727021302665897, 0.1488473454812792, 0.12903429081552276, 0.11354303418579005, 0.096147315724063084, 0.077867632900978492, 0.062948765075530821, 0.048239948187435454, 0.037170263788968823, 0.038931190813772339]","[0.26772217262686199, 0.23440109226487424, 0.079535787428451396, 0.11613191198865724, 0.063358364403367812, 0.17816520506222758, 0.019779796600675664, 0.040905669624884032]"
15,Amsterdam,"[0.090925249976216579, 0.098999093726685999, 0.097767363145219027, 0.10069898206980808, 0.10234128951176402, 0.10149009358148198, 0.099174339947626422, 0.097101427505645432, 0.089460692272643069, 0.12204146826290939]","[0.21519735227995335, 0.15872550934062357, 0.13832684922315855, 0.11858911771038309, 0.10009062733140062, 0.082105358028029388, 0.06548700924799343, 0.049972711659882131, 0.036824238054466524, 0.034681227124109371]","[0.2720121771088379, 0.27562224926021062, 0.055773361573010077, 0.074845157446211924, 0.048117605235355673, 0.20017374411047523, 0.026331996455019303, 0.047123708810879288]"
16,San Jose,"[0.083850974769316161, 0.084887028514604196, 0.086658495409449365, 0.090219930158876999, 0.092611179204921248, 0.097287296778520382, 0.10272195370134826, 0.10325385629379524, 0.10219005110890128, 0.15631923406026688]","[0.25142341758978748, 0.14259152193520039, 0.12585740385282487, 0.11231470132513124, 0.096926528063643297, 0.079045350477556023, 0.063828311093637985, 0.049679702134548233, 0.038727133970074698, 0.039605929557595801]","[0.29457690617700794, 0.23030457204967508, 0.061682199764112766, 0.094290141301079988, 0.058601789967854583, 0.19612404893503851, 0.022117897365925857, 0.042302444439305288]"
17,Panama City,"[0.076474915060304266, 0.080853249892001072, 0.087846910063164779, 0.093252694135366437, 0.10115704795152308, 0.10978528645985358, 0.10748520122826886, 0.10421604455393525, 0.096825415358031033, 0.14210323529755164]","[0.26839776296279, 0.15487629744655512, 0.13170031173744001, 0.11248234071617882, 0.092283622692617542, 0.072913869397190856, 0.057630561944681198, 0.041798503193265536, 0.03397587829396724, 0.033940851615313662]","[0.26064519142079884, 0.22053964436245607, 0.075972865999603026, 0.12595593643825381, 0.070578757486952567, 0.18864201566860092, 0.018704246401008769, 0.038961342222326008]"
18,Amman,"[0.092192717443154715, 0.077150580378438541, 0.079821911273652416, 0.083574495150262357, 0.090936555891238668, 0.097455875337891559, 0.10063603116552711, 0.10508824932421688, 0.10888058514867228, 0.16426299888694545]","[0.2862696772141835, 0.14531722054380664, 0.12339799650182859, 0.10655112100492924, 0.08821752265861027, 0.072261090793448876, 0.057847034504690732, 0.044601685482588645, 0.03493401176657656, 0.040602639529336938]","[0.27393862299252664, 0.23404356813483862, 0.079511846080457943, 0.13719192240419781, 0.052893941803148353, 0.16981237080616951, 0.017204643027508348, 0.035403084751152808]"
19,Athens,"[0.080031463798339003, 0.085345552994548712, 0.08751326235685801, 0.094766399590238901, 0.10147989609629386, 0.11173306991548677, 0.10936413858705595, 0.10271466725203966, 0.094629202795156034, 0.13242234661398311]","[0.23198148757911682, 0.1528829619873413, 0.13327296674349687, 0.11608678154611642, 0.097793875535067507, 0.080077196063366621, 0.06201295137745582, 0.04811948926206417, 0.037344967621556362, 0.040427322284418102]","[0.25855193356016537, 0.26990268174002124, 0.059589141330991843, 0.082811985512018446, 0.058070830132074779, 0.20719459993414555, 0.022106976914352615, 0.041771850876230199]"
20,Caracas,"[0.078181131818589697, 0.082106201207380436, 0.093087731566716903, 0.1021554618338444, 0.109940621141844, 0.11181419584812131, 0.10582216047453578, 0.098720832727373989, 0.092287865238768613, 0.12588379814282488]","[0.26562678886932628, 0.16415361146609156, 0.13528416140900243, 0.112341767255917, 0.089727364711197202, 0.070679097342339695, 0.054746750252955792, 0.041789534592284773, 0.031968351904053172, 0.033682572196832093]","[0.25842025626665099, 0.22282852536829434, 0.073688265636071656, 0.13016316035385964, 0.067468802118949567, 0.19643293654600083, 0.016914774784252691, 0.034083278925920307]"
21,Warsaw,"[0.081914488224982845, 0.090785763280237783, 0.091090618093133152, 0.095953052358814114, 0.099489368188400276, 0.10383354927215914, 0.1066534562914412, 0.10362015090313238, 0.096395091837512381, 0.13026446155018673]","[0.22926606203795444, 0.15520158524502706, 0.13352640804816707, 0.11589055712217057, 0.093224601783400654, 0.0800396311256764, 0.065802911363463154, 0.051535706119960369, 0.037390442801615728, 0.038122094352564591]","[0.25557503239082385, 0.26101669080100603, 0.064644463074460784, 0.087203719228717322, 0.058547366816553613, 0.20839875009526712, 0.022254401341361175, 0.042359576251810076]"
22,Dublin,"[0.095960211062834727, 0.091939604120170632, 0.089770211884920209, 0.091530083761375988, 0.094306905822496526, 0.096980206008531425, 0.09641996997865622, 0.096152031007846347, 0.094092250169745428, 0.15284852618342248]","[0.25505201974223052, 0.14109422621965514, 0.12357314886141162, 0.11219639926560364, 0.097167458811995136, 0.080771420655049886, 0.065893195872521945, 0.050110677063510668, 0.037852469148958845, 0.036288984359062582]","[0.30701086675212297, 0.24642012221670781, 0.055414650781133445, 0.07399682735900473, 0.047563734460300884, 0.19517222690777114, 0.026719300435705303, 0.047702271087253716]"
23,Copenhagen,"[0.086320872436868465, 0.093401586776475781, 0.091869366624298454, 0.094219931630479578, 0.096570496636660688, 0.098746945716458021, 0.10179977829238707, 0.099402782372503606, 0.096257087969169874, 0.14141115154469847]","[0.24585749191811909, 0.15761554042681616, 0.13272857068236033, 0.11329723329792976, 0.096686573920916549, 0.077864642278829249, 0.060766458307941425, 0.045821507959999765, 0.033488296507814902, 0.035873684699272775]","[0.27727961276617974, 0.26594466595859523, 0.051190082356833179, 0.066999808472480979, 0.046250993911746439, 0.22370414221788867, 0.026169623735483084, 0.042461070580792688]"
24,Baghdad,"[0.10145204027556969, 0.077933227344992057, 0.082914679385267614, 0.088648648648648645, 0.093778484366719664, 0.099533651298357187, 0.10510863804981452, 0.10811870694223635, 0.11021727609962904, 0.13229464758876525]","[0.23525172231054584, 0.14346581875993641, 0.12658187599364071, 0.11299417064122946, 0.097382087970323258, 0.081006889242183355, 0.065564387917329089, 0.051552729199788025, 0.039342872284048758, 0.046857445680975093]","[0.25956544780074192, 0.24722840487546369, 0.087811340752517217, 0.14457869634340223, 0.05261261261261261, 0.16025437201907791, 0.015463698993110758, 0.032485426603073665]"
25,Baku,"[0.082858848008774619, 0.083794377147281315, 0.08524606029324, 0.086471926060938439, 0.092665774150362118, 0.098278948981402325, 0.10118231527331968, 0.10645676403696953, 0.1066664516024969, 0.1563785344452151]","[0.25788344597319224, 0.14789425294772326, 0.12821588141361678, 0.11040856815652371, 0.092810942464957982, 0.07772956755972063, 0.061777182766908079, 0.047776505314773295, 0.035517847637788924, 0.039985805764795074]","[0.27930383728244917, 0.25494782005580913, 0.06485797699888704, 0.093569043663403073, 0.05316386276755327, 0.18612190912463505, 0.024856041421359099, 0.043179508685904158]"
26,Los Angeles,"[0.098851740981664507, 0.098428083074136155, 0.094409309318083418, 0.0945261804649878, 0.094300406658467978, 0.094382747693786975, 0.093840890558139406, 0.094244627247445437, 0.091353394442776958, 0.14566261956051135]","[0.22836754913236454, 0.14792832611299847, 0.13533413195283717, 0.12143974628336472, 0.10408305288685013, 0.083430061915146236, 0.064405298512814652, 0.047756472403800439, 0.033976301718802705, 0.033279059081020926]","[0.28766770345540171, 0.24704169909398299, 0.050615831259313168, 0.068705625486409738, 0.045682009546247772, 0.22004313607785744, 0.0298167513539788, 0.050427243726808381]"
27,Santiago,"[0.085073321138634153, 0.090397286169620519, 0.089621862363039054, 0.093509687444557968, 0.098156112541983004, 0.10368808080313718, 0.10474186187361968, 0.10244159085764626, 0.098130112138212031, 0.13424008466955017]","[0.22084590019515596, 0.1469955768724879, 0.13014884466441126, 0.11505484555760161, 0.099004949253329574, 0.082294336806171584, 0.067617873595213485, 0.053170825711646344, 0.043333496473121701, 0.041533350870860582]","[0.27253929119840448, 0.25606268238518526, 0.066007377996928893, 0.093186976550694675, 0.056734410463786022, 0.19038566245969937, 0.021953517395799559, 0.043130081549501709]"
28,Seoul,"[0.081346959033813962, 0.089507107677819206, 0.092026928999580024, 0.094050421879175838, 0.10067067971543836, 0.10817923819947313, 0.11203023785586114, 0.10666734540641663, 0.097888695165251921, 0.11763238606716979]","[0.23568474235463305, 0.16664163813838656, 0.13717245504409686, 0.11457042137012102, 0.094564567239777547, 0.075810987948127309, 0.061549817376586026, 0.047245377145984195, 0.035445486592768874, 0.031314506789518561]","[0.23280094684195121, 0.2920294742736424, 0.065871692734515194, 0.095842294819094648, 0.058464945212975808, 0.2008450309887117, 0.019547704799114246, 0.034597910329994784]"
29,Khartoum,"[0.092709560004282196, 0.067765763836848306, 0.082004068086928589, 0.085322770581308216, 0.094422438711058779, 0.10491382079006531, 0.10716197409270956, 0.10469971095171823, 0.10855368804196552, 0.15244620490311531]","[0.28476608500160583, 0.13724440638047319, 0.12118616850444278, 0.10395032651750348, 0.090996681297505627, 0.076223102451557653, 0.061770688363130287, 0.044534846376190984, 0.0436784070228027, 0.035649288084787498]","[0.26431859543946046, 0.23284444920244085, 0.090247296863290874, 0.16101059843699819, 0.061021303928915534, 0.14666523926774436, 0.015844128037683331, 0.028048388823466438]"
30,Budapest,"[0.08353932002190613, 0.09317505661550303, 0.09469960480158672, 0.099347256553336982, 0.1054306478589719, 0.10785808380574592, 0.10511981764627522, 0.10178949393881086, 0.092893829280206036, 0.11614688947765722]","[0.20642086410799129, 0.15975192788739065, 0.13532955403265198, 0.11773064341854028, 0.10122703926821687, 0.082192389100220545, 0.070395642456446764, 0.052234277171741096, 0.040037891683071591, 0.034679770873728928]","[0.24329124790929679, 0.29690205888012317, 0.063083731738725002, 0.081600331552226874, 0.052263880049140773, 0.19971581237696304, 0.023001435739553884, 0.040141501753970486]"
31,Accra,"[0.085793818847993142, 0.079524636577764027, 0.086947729057124501, 0.090349979776831388, 0.098784230686873975, 0.10009278865599201, 0.10244819300040446, 0.10290024029882705, 0.10212700149889367, 0.15103138159929574]","[0.2692179581737289, 0.1425138588184911, 0.12530037353382029, 0.10608836335086008, 0.09200352121053508, 0.076931312602602844, 0.062894054388427587, 0.046120720420641907, 0.036211367799957171, 0.042718469700935027]","[0.29718541076824251, 0.22025409816563965, 0.058670980942637577, 0.11559325259927197, 0.05578025742904047, 0.18828959577454735, 0.022721324736504008, 0.041505079584116485]"
32,Dhaka,"[0.08572123866885685, 0.08480866338139563, 0.089614893228691372, 0.095759566830930218, 0.10257346231064063, 0.10841394415039241, 0.1020259171381639, 0.10172172537567682, 0.094664476485976756, 0.13469611242927543]","[0.24444850033461094, 0.15039240737360832, 0.13433108231429092, 0.1143152643426416, 0.092900164263551743, 0.075074526981809331, 0.063819431769787674, 0.049035712112915984, 0.036807203260935693, 0.038875707245847782]","[0.25339173815173083, 0.25284419297925415, 0.069599075257042037, 0.1164446066800511, 0.069964105372026519, 0.18567865182210866, 0.015635456591835493, 0.036442173145951211]"
33,Dar es Salaam,"[0.078930044004019262, 0.078202418488617864, 0.084751048127230513, 0.095873323862652016, 0.10446623471120196, 0.10633727175080558, 0.1104604830047469, 0.10332282318699976, 0.094868507674716746, 0.14278784518900939]","[0.25875749281036692, 0.14812376563528637, 0.13121513461072035, 0.10831225529260941, 0.096704895880253633, 0.078306364990818056, 0.061328436298118572, 0.04435050760541908, 0.033817262049132046, 0.03908388482727556]","[0.27992793042514119, 0.21163507847960916, 0.073767367728075947, 0.13391774366792558, 0.067391982259796951, 0.17442223069193721, 0.020096323758705521, 0.038841342988808425]"
34,Casablanca,"[0.079713356973995272, 0.075428486997635935, 0.080969267139479911, 0.088750985027580775, 0.095670803782505906, 0.10044818754925137, 0.10608747044917258, 0.10879629629629629, 0.11116036249014973, 0.15297478329393224]","[0.25832348305752562, 0.14861603624901498, 0.12224192277383766, 0.10621059889676911, 0.093897754137115833, 0.074221828211189916, 0.060012805358550039, 0.048414105594956659, 0.038883963750985025, 0.04917750197005516]","[0.26100768321513002, 0.23795803782505912, 0.076610520094562651, 0.11056934594168637, 0.061096335697399529, 0.19611899133175728, 0.018814026792750196, 0.037825059101654845]"
35,Damascus,"[0.089592950062945861, 0.078724297104490137, 0.077759127150650434, 0.084557280738564833, 0.085858161980696596, 0.092488459924464958, 0.10423835501468737, 0.10864456567352077, 0.11686949223667646, 0.16126731011330256]","[0.26269408308854386, 0.14020142677297523, 0.12169534200587495, 0.11426772975241292, 0.093411665967268145, 0.074905581200167853, 0.059714645404951743, 0.043642467477968946, 0.040327318506084765, 0.049139739823751576]","[0.27129668485102809, 0.22757028955098615, 0.082794796475031476, 0.13277381451951323, 0.049601342845153169, 0.17196810742761226, 0.02131766680654637, 0.04267729752412925]"
36,Lagos,"[0.093783762417982031, 0.079092993227753039, 0.089870615826503991, 0.098250283274921607, 0.1039553084402751, 0.10410023979551504, 0.10316477377533005, 0.097683733431710981, 0.095536114258610236, 0.13456217555139793]","[0.2585311865925321, 0.14038578091649317, 0.12835647843157921, 0.11116234946902422, 0.096932725500013181, 0.078829481672771345, 0.063954254394055179, 0.045482094389838995, 0.037510869851642994, 0.038854778782049591]","[0.30709636617565678, 0.23004558749901183, 0.066681598988115626, 0.11607683996943266, 0.05301852486231521, 0.16805449418957022, 0.019868771245619119, 0.039157817070278531]"
37,Jakarta,"[0.081184153579926158, 0.085706042046453074, 0.092312513503196941, 0.098009913503611087, 0.10244966111721224, 0.10655532324496404, 0.10577394975326683, 0.10302533734696089, 0.097475652829959458, 0.1275074530744493]","[0.23685142376327972, 0.16524185649371761, 0.13991900497745957, 0.11619410366727846, 0.094484759420485925, 0.074121420746846717, 0.057958999979982481, 0.045176778849903815, 0.03529847846149492, 0.034753173639550751]","[0.2463348958502303, 0.22850687946899734, 0.07704121745168703, 0.12867261071931227, 0.073201995401492762, 0.18303259887446324, 0.021979235620691488, 0.041230566613125554]"
38,Barcelona,"[0.081661667721489958, 0.089423791310090525, 0.090954431633691976, 0.096911890151619384, 0.10062211643414692, 0.10450203168138833, 0.10474051346963485, 0.10130775157535565, 0.096890105757500705, 0.13298570026508169]","[0.22204947579868467, 0.15546260880731588, 0.13651362556524771, 0.11934981609385176, 0.10015203214000716, 0.080303009456720142, 0.065022976803059906, 0.04929579079643745, 0.037135512689982851, 0.034715151848692477]","[0.25621657815323373, 0.27256519266576779, 0.062581978114709738, 0.086767241774671405, 0.056404382561477853, 0.20037973638590023, 0.023113242159911212, 0.041971648184328081]"
39,Toronto,"[0.12903603109053935, 0.10086646788017915, 0.094444375132558975, 0.094294661459957838, 0.094534827143088848, 0.096531009444437516, 0.097111149925766971, 0.09374571132708695, 0.087013274612303973, 0.11242249198408044]","[0.23627936571307376, 0.15263932728656446, 0.13186811473057777, 0.11669245068805909, 0.099888650456002898, 0.082054009207390866, 0.065019400396741228, 0.049166905792671516, 0.035734782228987065, 0.030656993499931381]","[0.29905618005564361, 0.26386255037241274, 0.051072636083490323, 0.06820393497436153, 0.046520404725961598, 0.19874645989544995, 0.026430701283794742, 0.046107132608885507]"
40,Santo Domingo,"[0.076287008717836918, 0.082831322050580289, 0.087905754981081496, 0.094940028447905583, 0.099382045874945771, 0.10404853842949431, 0.10597600274550348, 0.10390608306011401, 0.1007569560309344, 0.14396625966160376]","[0.23793284308541063, 0.15063791946091434, 0.13002721760921038, 0.11556152237304744, 0.097098443135485851, 0.079408076356077995, 0.063981886583941827, 0.047666429960522595, 0.037606059101710977, 0.040079602333677959]","[0.27225595344731202, 0.2345441320259096, 0.070150635761046229, 0.10463131039514098, 0.062302639957004378, 0.18604239558129346, 0.023528878509312481, 0.046544054322980859]"
41,Dubai,"[0.087223780853008859, 0.085169540501633931, 0.084796519875169438, 0.087307841839254385, 0.094326934190755399, 0.098046632832119701, 0.10315859155817546, 0.10683625970641701, 0.10636341665878594, 0.14677048198467987]","[0.23709401170549232, 0.15645851064947619, 0.13350986140444893, 0.11427040317750528, 0.095288381720938536, 0.078759890300412944, 0.062993201567737397, 0.048135422248841535, 0.036209269825258225, 0.03728104739988862]","[0.26007418382036168, 0.2636888062289191, 0.062683226680957035, 0.091831373661591484, 0.055375174689237042, 0.19847324233731573, 0.023642152381552817, 0.044231840200065146]"
42,Nairobi,"[0.071937623754747951, 0.078540445170386691, 0.088148051127564658, 0.095683126208655322, 0.10391161310702426, 0.11177028036951145, 0.10883483700970006, 0.100475372323623, 0.09700060866148405, 0.14369804226730254]","[0.26710223201559408, 0.15389890055704084, 0.12655536122903394, 0.11181650782399667, 0.093533549575092648, 0.075343046235159056, 0.061043353647731391, 0.045025540668603085, 0.033653586865239268, 0.032027921382509074]","[0.26737959674250539, 0.23809450432611928, 0.069641660181982076, 0.12905164377123574, 0.060650420284607029, 0.18715955405915574, 0.016472382948232955, 0.03155023768616181]"
43,Cape Town,"[0.0779793412339541, 0.090548185928894409, 0.094169899063497847, 0.098091635771382038, 0.10144547071555622, 0.10417782825793455, 0.10476716027687889, 0.10381887148275935, 0.097700533613355331, 0.12730107365578724]","[0.22049589610612264, 0.15541221095943253, 0.13353192036517156, 0.12034695583224396, 0.10216338426590661, 0.083502989520605184, 0.066187343291258596, 0.049343162677067481, 0.035193836658594602, 0.033822300323596857]","[0.25557722392473692, 0.26510832994020961, 0.063755009322161021, 0.088646250776846749, 0.05374708012772432, 0.20685018108565673, 0.023021451685489573, 0.043294473137175063]"
44,Beijing,"[0.080732292917166867, 0.087163436803292749, 0.090336134453781511, 0.094023323615160345, 0.10238381066712399, 0.10276967930029154, 0.10208369061910479, 0.10714285714285714, 0.10349854227405247, 0.12986623220716859]","[0.22071685817184017, 0.15910649974275423, 0.14079917681358259, 0.11811867604184531, 0.098439375750300123, 0.079317441262219179, 0.062639341450866054, 0.045361001543474534, 0.036700394443491685, 0.038801234779626138]","[0.24897101697821986, 0.28275595952666782, 0.058394786486022983, 0.077859715314697306, 0.05264963128108386, 0.21471445721145602, 0.022509003601440578, 0.042145429600411594]"
45,Paris,"[0.089271808321895754, 0.094787245274211993, 0.093073395478580054, 0.094192676725379981, 0.095434999527679185, 0.097292530107474809, 0.097346509628597075, 0.098478491939190477, 0.096499507436869761, 0.14362283556012087]","[0.24389217749419126, 0.15208095023008772, 0.13089875108852086, 0.11486048278331112, 0.097374293205645307, 0.078726750107363686, 0.063913340641737121, 0.048048124330713475, 0.035772546174320512, 0.034432583944108967]","[0.2811245521882742, 0.26034402418917602, 0.056116475105518059, 0.069647077128003707, 0.047627401592554637, 0.20861020990889367, 0.027962185757820879, 0.048568074129758831]"
46,Buenos Aires,"[0.086182013364852733, 0.090611501595491681, 0.094628494371219424, 0.098553821490300245, 0.10607040533534862, 0.1095720334192614, 0.10606836832075646, 0.099909454701378755, 0.091390659676990602, 0.11701324772440007]","[0.22287384055675682, 0.15525208564831555, 0.1369260838700018, 0.11822730842132388, 0.099410386126301015, 0.080220690160913974, 0.063697446296656551, 0.048849646934445816, 0.03753097535314194, 0.037011536632142662]","[0.24986428390279775, 0.2491299401423262, 0.074293996205041818, 0.11190034109809345, 0.068801186357298469, 0.18599878390228849, 0.0205300515670244, 0.039481416825129428]"
47,Almaty,"[0.072646756464665105, 0.08553654743390357, 0.086353691646677389, 0.087645306692674702, 0.089885863405119018, 0.09412974141339589, 0.10114136594880987, 0.10377731502227378, 0.10549068192002531, 0.1733927300524554]","[0.27055381290033476, 0.14502991802198381, 0.12681550992434826, 0.11339852914041701, 0.094630571737354036, 0.073622057621846745, 0.060099638874976935, 0.042781453462319111, 0.03432005693649999, 0.038748451379919342]","[0.2872657300260959, 0.23254342726098531, 0.066241400216147828, 0.088251574979571396, 0.057121016421962725, 0.19996309671297149, 0.024988797216437778, 0.043624957165827559]"
48,Rome,"[0.076793852758636774, 0.086256980198789843, 0.088566862138157385, 0.093414114389708966, 0.098883557062639016, 0.10281113409759057, 0.10411967832755215, 0.10440355270730607, 0.10099511580519217, 0.14375515251442705]","[0.2390358381682714, 0.1547095926208216, 0.13510476131219959, 0.11686874893061021, 0.098127206831650826, 0.079383720387624632, 0.062316259391186672, 0.046569008695111137, 0.034726002893185462, 0.033158860769338459]","[0.26654832086360031, 0.28815971628116788, 0.057492339280436774, 0.074260371136586359, 0.04772589400986172, 0.20079057070416401, 0.023341862527026396, 0.04168092519715659]"
49,Lima,"[0.078933099308896582, 0.085900550061901559, 0.088207362366990019, 0.092469950322044789, 0.097541176286220249, 0.10163764868126185, 0.10430490040902039, 0.10322671639685947, 0.1016689912397549, 0.14610960492705019]","[0.24958392753600475, 0.14832238955665952, 0.13123129241039946, 0.11310589083386877, 0.094635721113914523, 0.078259234301296013, 0.062265126702292707, 0.047421290999984329, 0.035783799031514942, 0.039391327514064975]","[0.27348889689865385, 0.23962326244691354, 0.07091253859052514, 0.10369058626255662, 0.063362116249549447, 0.17937973076742256, 0.023616617824513016, 0.045926250959865855]"
50,Bogota,"[0.080233303353601071, 0.080531664521410376, 0.084987693948223031, 0.088407537658672666, 0.094507246298759701, 0.10043784770655048, 0.10338699166850673, 0.10399017670090101, 0.1027170254360974, 0.16080051270727755]","[0.27428008250709551, 0.14621743743301685, 0.12372617553761558, 0.1084839051922383, 0.089542818058929025, 0.074172370894167949, 0.060055686903883541, 0.04736402755263059, 0.036768436188947713, 0.039389059731474947]","[0.28446529262552445, 0.21973815306897312, 0.070202120841658541, 0.11109914315411916, 0.058797615264889781, 0.19059462195916652, 0.022392167211507909, 0.042710885874160526]"
51,Manila,"[0.075834431681430975, 0.080129351483906153, 0.082536166445679682, 0.083988554784680952, 0.088583832447738722, 0.094380541553126779, 0.10028395674056392, 0.10579414025526467, 0.11067989558612268, 0.17778912902148547]","[0.28555140367898857, 0.14749645795088753, 0.12781412590922475, 0.11233087580004861, 0.093253211556663898, 0.072964235678166553, 0.057158891284286736, 0.041991807344144899, 0.030785692690435774, 0.030653298107152668]","[0.30143677763440518, 0.23535804830623855, 0.05960127494007663, 0.086772793110739183, 0.057389099776114831, 0.18407194361176377, 0.02736516994919605, 0.048004892671465807]"
52,Bucharest,"[0.099158672503182138, 0.091428394026885226, 0.094222470584582912, 0.09326006643693148, 0.098972400732668969, 0.10040048430660334, 0.10154916022476794, 0.096240414765142349, 0.096923411257024, 0.12784452516221168]","[0.23833473037161218, 0.14672006457421377, 0.12846543106392228, 0.1129738288162429, 0.098941355437583436, 0.077054422402284939, 0.061904318400546395, 0.048213343267827759, 0.038744528266741178, 0.048647977399025176]","[0.27248455496569496, 0.25488187265219958, 0.065381391450125739, 0.085467697370463502, 0.057433795908230105, 0.20359504517090435, 0.021576480084443201, 0.039179162397938595]"
53,Kampala,"[0.085717981888745146, 0.083622250970245796, 0.088227684346701168, 0.10082794307891332, 0.10263906856403622, 0.10714100905562743, 0.10465717981888745, 0.098628719275549809, 0.095627425614489003, 0.13291073738680464]","[0.24776196636481243, 0.15169469598965071, 0.12716688227684347, 0.10866752910737387, 0.094644243208279424, 0.081759379042690816, 0.061034928848641659, 0.047813712807244502, 0.037438551099611903, 0.042018111254851227]","[0.26618369987063389, 0.23857697283311771, 0.067166882276843462, 0.12144890038809832, 0.058059508408796895, 0.19379042690815007, 0.01927554980595084, 0.0354980595084088]"
54,Istanbul,"[0.093936664381477047, 0.083892333752455556, 0.0861503675261234, 0.093577746147201046, 0.10676241918575517, 0.10152774660833797, 0.10231629073760387, 0.10347374440102926, 0.098198338062548615, 0.13016434919746805]","[0.24527411515511108, 0.15469837034213285, 0.1312080557545276, 0.11231143342873744, 0.093160417236683141, 0.073033327902165185, 0.058366868234737135, 0.045425060639504675, 0.03772561123698441, 0.048796740069416478]","[0.24523030714792965, 0.24213607843016696, 0.066999351334069104, 0.11474239354654255, 0.073140157954765542, 0.19938561191331855, 0.020792663619064015, 0.037573436054143622]"
55,Vienna,"[0.083077140257866167, 0.087139630454559719, 0.090002195940646859, 0.093539228911127148, 0.097578191172318599, 0.10135834614298711, 0.10302098691846787, 0.10626784201775574, 0.10468362769394861, 0.13333281049032217]","[0.23845562631364306, 0.15740188850895631, 0.13287793707061518, 0.11620447344480346, 0.096684129623239329, 0.078128431157260717, 0.063846974307494433, 0.045989271261411051, 0.035535025253317441, 0.034876243059259029]","[0.26068168271794712, 0.27890799008689648, 0.060239357530507888, 0.083673181290585694, 0.054482855977664148, 0.19923455783166547, 0.022202528468801958, 0.040577846095931236]"
56,Moscow,"[0.076302623603035968, 0.091870928634240887, 0.09195630458724996, 0.094338293676203167, 0.095518616226553624, 0.098833337602130977, 0.10059635103176839, 0.1014778577465871, 0.098041475637971803, 0.15106421125425812]","[0.25341717251918827, 0.16050252285941141, 0.1355343254019073, 0.11372717260456419, 0.095819566460910624, 0.076889583279973361, 0.061139854348624165, 0.044406167558845376, 0.031845230472385147, 0.026718404494190166]","[0.27028532643495634, 0.27020848807724818, 0.054745195468244412, 0.070253737332342969, 0.050523354591945631, 0.21633839612734676, 0.024547720888934421, 0.043097781078981295]"
57,Mecca,"[0.090146858983644773, 0.065062185708668743, 0.072098172712786873, 0.080920748573833023, 0.089363932978774777, 0.098890107540232738, 0.10538804847933006, 0.11187564237871545, 0.11897026260786789, 0.16728404003614566]","[0.28201891438859344, 0.15634377004738945, 0.12731342562892756, 0.10213907800978141, 0.083728245349005651, 0.068597424276914371, 0.056360325310928543, 0.044161165490553156, 0.035348936669218935, 0.043988714828687513]","[0.24173788879001717, 0.23786464692451489, 0.093485503797363576, 0.15328794431913029, 0.058609081941656489, 0.16253474880836594, 0.017600314550007243, 0.034879870868944396]"
58,Berlin,"[0.089225649853427347, 0.097681487190198715, 0.099230043431600634, 0.10080020743451047, 0.10495249893761839, 0.10506413903874272, 0.10340034140263182, 0.096932418124590358, 0.090252018525054198, 0.11246119606162533]","[0.22087813942768242, 0.16459352199309993, 0.13717687393311678, 0.11710326349224641, 0.098221681227897067, 0.08021881459820368, 0.063710484806142373, 0.048167301694768759, 0.037258983426846921, 0.032670935399995681]","[0.24561902635426644, 0.27940996405909002, 0.061430865967055368, 0.079732639964275168, 0.054890916817320778, 0.21393844669005108, 0.023782942833065639, 0.041195197314875504]"
59,Tel Aviv,"[0.075895529040227172, 0.081867844999936323, 0.087509073081282071, 0.093481389040991222, 0.097530848476359053, 0.10691591641304486, 0.10864776069986884, 0.10767996536311426, 0.099988539265748966, 0.14048313361942721]","[0.24118478523857428, 0.1616854919838531, 0.14019024818856729, 0.12339390543620828, 0.095251435775318666, 0.077754714818729392, 0.060818296425524332, 0.042188236192998767, 0.028651835627602543, 0.028881050312623363]","[0.27103363088795224, 0.27709508589183612, 0.060640018337174799, 0.073768926129200676, 0.052553833615606976, 0.20114862025493765, 0.022463039132040393, 0.041296845751251129]"
60,Tokyo,"[0.077208342545508138, 0.095332596359348515, 0.096505269363991453, 0.1007237084530916, 0.1055087331417201, 0.10937342471810745, 0.11076483160144447, 0.10629641093669394, 0.094984155059326406, 0.10330252782076793]","[0.18280610214459431, 0.1702863880905004, 0.14621033237526715, 0.12463704031247697, 0.105736310708232, 0.086957623995872951, 0.069377551772422427, 0.053385216301864546, 0.036869924091679565, 0.023733510207089688]","[0.23129957992482866, 0.34854506595917162, 0.062174073255214089, 0.079430466504532393, 0.04298150195298106, 0.17627769179747954, 0.020953054757167071, 0.038338565848625543]"
61,London,"[0.085694197148133755, 0.097947792108410689, 0.096122820654187868, 0.097250717786956611, 0.099685393901597655, 0.10157024370109935, 0.10275086390518283, 0.1007375957676931, 0.094001470220502953, 0.12423890480623519]","[0.21496099999096177, 0.15786454991067206, 0.13564704765864372, 0.12038861422679356, 0.10280848269026251, 0.083863953386779461, 0.066558735007818073, 0.049491523636506059, 0.036169533295372723, 0.032246560196190079]","[0.2717670965856539, 0.28437393612373957, 0.057264787315130315, 0.067613573027479265, 0.044252356721287765, 0.19759025436622349, 0.028052816466469632, 0.049085179394016083]"
62,Lisbon,"[0.077685716309043265, 0.088989802421924794, 0.089281920543870824, 0.09662028184972736, 0.10188726010905744, 0.10477303307131224, 0.10641951703137172, 0.10300262021103321, 0.097655973372990576, 0.13368387507966858]","[0.22506373486297004, 0.15675235464910417, 0.13733092557184334, 0.12026414559875363, 0.10093123716450676, 0.080394447985270165, 0.062920473054316264, 0.045959917852843285, 0.035558742298704059, 0.034824020961688268]","[0.26041002761844062, 0.24713193116634799, 0.061212024644147017, 0.08958289073011827, 0.059140641597620565, 0.21351179094964945, 0.024360880957439275, 0.044649812336236813]"
63,Taipei,"[0.082704887296362647, 0.093304445648097992, 0.097004291487854666, 0.096762634890212904, 0.10147077205116453, 0.10606224740635807, 0.1081788258822549, 0.1034623557351777, 0.097070955376859294, 0.11397858422565726]","[0.20124994791883671, 0.1622099079205033, 0.1386192241989917, 0.11957001791592017, 0.1045289779592517, 0.085513103620682471, 0.068963793175284366, 0.050972876130161243, 0.038415066038915043, 0.029957085121453272]","[0.24912295321028291, 0.31087871338694223, 0.067138869213782759, 0.090921211616182662, 0.056630973709428774, 0.16542644056497646, 0.021690762884879797, 0.038190075413524434]"
64,Brussels,"[0.084753964493462244, 0.093242466706319999, 0.094976460032461962, 0.097733711048158645, 0.10160999264060971, 0.10245178591231235, 0.100526246811771, 0.099815511175183738, 0.094225398969685362, 0.13066446221003497]","[0.22947687840875869, 0.15226376861270452, 0.13233796739689294, 0.11606161725121733, 0.09866623652878731, 0.080479469317391347, 0.065806054862742325, 0.049857348804855178, 0.038178097244765258, 0.036872561571885114]","[0.26172209732541613, 0.27769096609639793, 0.065155807365439092, 0.076053753793110399, 0.04962547760426643, 0.1989858155313379, 0.026957547407579163, 0.043808534876452976]"
65,Asuncion,"[0.088348254085551678, 0.08697877648701878, 0.09242278892079063, 0.095971905370453858, 0.10269726070582333, 0.10717857106537899, 0.10787347925275337, 0.10288030969176584, 0.093365152218790992, 0.12228350220167253]","[0.23646200208133478, 0.15055779093771929, 0.13129696986132344, 0.1142327366162378, 0.096880370708094493, 0.079809357870936903, 0.063273932807462976, 0.048772385365572553, 0.038440287047928325, 0.040274166703389458]","[0.24550597790530942, 0.243339898238323, 0.076921251648288322, 0.13670708433473558, 0.066287461483442542, 0.17738463676640576, 0.017538804690121795, 0.036314884933373558]"
66,Luanda,"[0.069847781496275504, 0.076001295476627442, 0.073194429450502002, 0.080643420058296444, 0.076433121019108277, 0.083450286084421899, 0.093382273561481155, 0.10061535139803519, 0.11961567526719205, 0.22681636618806003]","[0.35625607254669112, 0.12868401165928964, 0.11076325164633488, 0.098348267300010797, 0.08301846054194105, 0.066717046313289424, 0.054302061966965347, 0.035517650869048907, 0.025801576163230054, 0.040591600993198751]","[0.41066609089927669, 0.2081399114757638, 0.053654323653244088, 0.074921731620425341, 0.036489258339630792, 0.15135485263953363, 0.019432149411637699, 0.045341681960487962]"
67,Doha,"[0.081468640905260625, 0.074693631876730462, 0.079114000240760804, 0.083389912122306495, 0.089957866859275315, 0.097089201877934267, 0.10433610208258096, 0.1120163717346816, 0.11528590345491754, 0.16264836884555195]","[0.26664259058625256, 0.15344167569519682, 0.12577344408330324, 0.10793306849644878, 0.091681714216925489, 0.074789936198386905, 0.06024798362826532, 0.045513422414830869, 0.035204044781509569, 0.038772119898880464]","[0.27224750210665705, 0.25600577825929938, 0.07338389310220296, 0.097975201637173465, 0.05539906103286385, 0.18236186348862404, 0.021634765860117974, 0.040991934513061275]"
68,Guatemala City,"[0.082365240172472431, 0.083414853285079124, 0.089380854217135569, 0.092953737252448751, 0.096963259342606314, 0.10203918835517228, 0.10228269859729704, 0.10219453109583808, 0.098739204729136845, 0.14966643295281359]","[0.26194564683457677, 0.14992673700474005, 0.12903523761141644, 0.11197272685288202, 0.09507395573991427, 0.075483976606222941, 0.059802756703878947, 0.045578399801833043, 0.034796773909137095, 0.036383788935398412]","[0.27472993454612632, 0.22955878463198465, 0.070903464982807335, 0.11699827443604287, 0.060785194577278816, 0.1853112942569369, 0.020694172128153561, 0.041018880440669571]"
69,Rio de Janeiro,"[0.083223325695745851, 0.08918352151533572, 0.089273446014726032, 0.091586304139044852, 0.096453018046048541, 0.10380884209617605, 0.1014600141721011, 0.099805403383319363, 0.096970983162536731, 0.14823514177496575]","[0.25381729499911876, 0.15149760261284625, 0.13169982482707518, 0.11822553783843086, 0.097827064396732499, 0.078687533946498522, 0.061436417983461084, 0.043714097643618416, 0.032174985881853593, 0.030919639870364841]","[0.28427292445262958, 0.23811647740557029, 0.061404045163680573, 0.087867026844261564, 0.055763980561920209, 0.19895255943110166, 0.027603224332850139, 0.046019761807986018]"
70,Beirut,"[0.10589551610328883, 0.075589812278682542, 0.078749914781499772, 0.082631868109833612, 0.088867857185824448, 0.095404617439113881, 0.10201757305731897, 0.10482878099446982, 0.10623639010422724, 0.15977766994574089]","[0.28738485476762421, 0.13589242818586858, 0.11802662025433211, 0.10591957779747271, 0.090119065283386604, 0.075040403594817118, 0.061894698005686581, 0.047541897424997696, 0.037071050172642658, 0.041109404513171771]","[0.31315893952093166, 0.23381149266719869, 0.066330070300249844, 0.107142713918487, 0.047417578671714276, 0.17182856844950453, 0.020163699726097713, 0.040146936745816271]"
71,Minsk,"[0.075974593511249078, 0.090832718012085409, 0.090512499811636352, 0.092252979912900643, 0.09502946007444131, 0.10065776585645184, 0.10147526408583354, 0.099052907581260077, 0.094901372794261696, 0.15931043835988004]","[0.28919094046201838, 0.15275538343304049, 0.12605295278853543, 0.11039616642304968, 0.092102288995042275, 0.073028586067117734, 0.05639230873555251, 0.041300613312035682, 0.030059070839800486, 0.028721688943807357]","[0.27747472159852926, 0.23152152619761607, 0.065283072889196964, 0.097018580190171941, 0.064578592848209035, 0.2023439972272871, 0.021318997604014407, 0.040460511444975214]"
72,Prague,"[0.07957370121799652, 0.095275084928328771, 0.095119728229347916, 0.10348827574778358, 0.10337434750186428, 0.10380934625901068, 0.10143756732123622, 0.10044328444775873, 0.094052945563012677, 0.12342571878366061]","[0.21583188333747619, 0.15732455050128427, 0.13496354296130583, 0.11844394730300771, 0.10254577844063302, 0.082639406744552155, 0.06571588366890381, 0.053018062805534838, 0.037306321981937195, 0.032210622255364987]","[0.25217499378573205, 0.29841950451570137, 0.054426630209627971, 0.07935620183942331, 0.049724500787140608, 0.20174620929654485, 0.022920291656309554, 0.041231667909520257]"
73,Cairo,"[0.086017817783874601, 0.075378782040413692, 0.081574931796112762, 0.088144854267174277, 0.092946099662448559, 0.09810955779219778, 0.10266804358883461, 0.10506481295950924, 0.11063672374728341, 0.15945837636215107]","[0.28644476641131955, 0.14053854097627891, 0.12123722622111932, 0.10348880223184698, 0.087898241341574312, 0.072111160776214184, 0.058959755853203656, 0.047029855577305449, 0.037789577521231833, 0.044502073089905822]","[0.2979199741056428, 0.2292613942878281, 0.076484686878651023, 0.12797669507853079, 0.055272121950091707, 0.16158926617241326, 0.016646372477997502, 0.034849489048844773]"
74,Mumbai,"[0.077514778264203207, 0.079114211042681765, 0.082552167066524865, 0.088150181791199822, 0.098257937391275668, 0.10375701812965299, 0.10656839224027767, 0.10478758048692011, 0.10848936047422357, 0.15080837311304032]","[0.25639566998919971, 0.14309152218182417, 0.12287601098167247, 0.10950343383377441, 0.095768098736118329, 0.079757281953616449, 0.064364802585474848, 0.050332665528925825, 0.039194347571582862, 0.038716166637810918]","[0.28101374357959652, 0.25628849150404392, 0.069616548358108057, 0.10533996191041528, 0.056062592235330978, 0.17079303834516418, 0.020718425630498052, 0.040167198436843014]"
75,Sydney,"[0.097753415071508754, 0.10104821191666788, 0.096385928593296685, 0.096785386263904483, 0.098482352426632461, 0.09936582450104238, 0.098371553948653656, 0.096855364249996356, 0.090776026708264693, 0.12417593632003265]","[0.20062397037598589, 0.15516160541163093, 0.13970521773358799, 0.12490487367515636, 0.10678932252562215, 0.086355750586794566, 0.068627994110186177, 0.050019681308588339, 0.035368040470601957, 0.032443543801845671]","[0.25204029565699126, 0.26822270494073741, 0.057043721662560318, 0.071505838788214537, 0.051737057717259775, 0.22323560713192309, 0.02764130450629073, 0.04857346959602292]"
76,Phnom Penh,"[0.081219837765684366, 0.090666392853475719, 0.094029161104836223, 0.095723380223842289, 0.10001026799466065, 0.10085737755416367, 0.10188417702022795, 0.1009600575007701, 0.10265427661977616, 0.13199507136256289]","[0.22430434336174146, 0.15923092719991785, 0.14341821542252797, 0.11677276927815998, 0.10029263784782833, 0.078729849060478488, 0.06281445733648218, 0.045230516480131433, 0.033961392340075981, 0.035244891672656327]","[0.25528801725023104, 0.24638053188212342, 0.060350138617927922, 0.098187698942396553, 0.055832220967245098, 0.2100831707567512, 0.025875346544819797, 0.048002875038504977]"
77,Bangkok,"[0.080909478137479368, 0.085233605766410384, 0.084503282205016017, 0.08596392932780475, 0.090628137776942688, 0.098279956231598437, 0.10398906300082214, 0.10787193576553468, 0.10736011413112326, 0.15526049765726824]","[0.2584384679018969, 0.16429984585836824, 0.13708742882746083, 0.11460043479332864, 0.093728824655179302, 0.072942234722081709, 0.057633496600467099, 0.042840831123516505, 0.030663387153957139, 0.027765048363743643]","[0.25544405627997496, 0.25474178938624764, 0.059229325849288084, 0.088125142940219739, 0.057505966292889503, 0.21878079325551716, 0.024128734193681129, 0.042044191802181788]"
78,Helsinki,"[0.084917532732712714, 0.093018410327785517, 0.093168426579546118, 0.096335436338936722, 0.098977389217165188, 0.1036945669114154, 0.10521139790143932, 0.104061273304608, 0.098860709910240277, 0.12175485677615075]","[0.22761632510188604, 0.15730870844341471, 0.13641477826764567, 0.11533749489528032, 0.095952061473326272, 0.078425162725961978, 0.064840357705418086, 0.051588922133231102, 0.037162359255586024, 0.035353829998249812]","[0.25772792052472349, 0.27113770658488001, 0.05496428779784477, 0.073532966071324396, 0.054889279671964462, 0.21241467825681115, 0.030244943202180238, 0.045088217890271447]"
79,Sofia,"[0.083671474691230041, 0.09098717531025087, 0.097325474631993605, 0.097443947516512155, 0.10529277611586649, 0.12125699730474188, 0.10899505375707134, 0.10005035097592038, 0.090720611320084119, 0.10425613837632912]","[0.21953025501288392, 0.15827977371679056, 0.13855403844445102, 0.11820632052838906, 0.10007996919705002, 0.078517904214672862, 0.061753991055297219, 0.046885644048218461, 0.036637739537363385, 0.04155436424488345]","[0.2376862245653526, 0.26549773420608358, 0.070254420519503605, 0.102952936646625, 0.062139027929982528, 0.20270710541124901, 0.022154429404969936, 0.036608121316233748]"
80,Stockholm,"[0.092768391669484002, 0.095323434288432596, 0.091451976268620547, 0.092274735894160201, 0.093668939477801944, 0.096469314057820554, 0.098659350588347933, 0.097755810926846196, 0.094740022917595382, 0.14688802391089065]","[0.2349831409073094, 0.14832411343910532, 0.13066021224206487, 0.11541073656433531, 0.10065790851511335, 0.083005974730808008, 0.06728677810322492, 0.050194320864286546, 0.036491633282571559, 0.032985181351180733]","[0.29321956312959813, 0.27955876149245606, 0.049111270011757982, 0.059011312196887877, 0.045640720318572525, 0.19964337110049335, 0.026786061554387404, 0.047028940195846712]"
