city,val0,val1,val2,val3,val4,val5,val6,val7,val8,val9,sat0,sat1,sat2,sat3,sat4,sat5,sat6,sat7,sat8,sat9,hue0,hue1,hue2,hue3,hue4,hue5,hue6,hue7,year
Dar es Salaam,0.0621761658031,0.111398963731,0.10621761658,0.10103626943,0.0777202072539,0.132124352332,0.132124352332,0.119170984456,0.0569948186528,0.10103626943,0.248704663212,0.173575129534,0.147668393782,0.152849740933,0.0932642487047,0.059585492228,0.0492227979275,0.0259067357513,0.020725388601,0.0284974093264,0.256476683938,0.227979274611,0.0829015544041,0.0880829015544,0.080310880829,0.204663212435,0.0181347150259,0.0414507772021,2012
Almaty,0.0683194004036,0.0762467569905,0.0922456039204,0.0959930815797,0.102479100605,0.106370712021,0.0988757567022,0.10305563563,0.103488036898,0.152925915249,0.26189103488,0.160565004324,0.138224272125,0.119631017584,0.104208705679,0.0713462092822,0.0582300374748,0.0430959930816,0.0269530123955,0.0158547131738,0.255837417123,0.254540213318,0.0773998270395,0.107091380801,0.0576535024503,0.18564427789,0.020611127126,0.0412222542519,2012
Bogota,0.101714898178,0.104587352626,0.104823151125,0.104801714898,0.106173633441,0.104523043944,0.100707395498,0.0888531618435,0.0768488745981,0.106966773848,0.249796355841,0.161972132905,0.130675241158,0.109239013934,0.0944694533762,0.0774062165059,0.0612647374062,0.0477384780279,0.0372132904609,0.0302250803859,0.262293676313,0.26115755627,0.0779421221865,0.110332261522,0.0593354769561,0.177170418006,0.0179849946409,0.033783494105,2012
Lagos,0.0602620087336,0.0995633187773,0.113537117904,0.111790393013,0.12576419214,0.119650655022,0.108296943231,0.0951965065502,0.0733624454148,0.092576419214,0.237554585153,0.165065502183,0.13711790393,0.111790393013,0.0873362445415,0.0733624454148,0.0707423580786,0.0489082969432,0.0410480349345,0.0270742358079,0.244541484716,0.218340611354,0.0794759825328,0.141484716157,0.0733624454148,0.181659388646,0.0183406113537,0.0427947598253,2012
Tel Aviv,0.0861804643014,0.0904511607534,0.0951051248357,0.103975032852,0.106165133596,0.108081471748,0.106329391152,0.101346911958,0.0863447218572,0.116020586947,0.226949189663,0.174003504161,0.145586947,0.116458607096,0.0950503723171,0.075120455541,0.0591874726237,0.0430902321507,0.0358628996934,0.0286903197547,0.214575120456,0.286684187473,0.0767630310994,0.111092860272,0.0719448094612,0.1938239159,0.0159877354358,0.0291283399036,2012
Asuncion,0.107374050099,0.100197016606,0.107374050099,0.105544610189,0.105826062482,0.107796228539,0.0999155643118,0.0923163523783,0.0744441317197,0.0992119335773,0.254714325922,0.174359696032,0.137348719392,0.111595834506,0.100056290459,0.0728961441036,0.0593864339994,0.0382775119617,0.0302561215874,0.0211089220377,0.250492541514,0.254714325922,0.0819026175063,0.110470025331,0.0759921193358,0.183929074022,0.0139318885449,0.0285674078244,2012
Manila,0.0844132886315,0.0913867723255,0.0929960377934,0.100359646449,0.107064919232,0.106833282536,0.106065224017,0.097019201463,0.0911551356294,0.122706491923,0.227893934776,0.153050899116,0.129960377934,0.11286802804,0.0967875647668,0.0829990856446,0.0687473331301,0.052508381591,0.0408899725693,0.0342944224322,0.249009448339,0.285291069796,0.0888021944529,0.110661383724,0.0657848217007,0.155281926242,0.0148857055776,0.0302834501676,2012
Brussels,0.0862708719852,0.106713392428,0.10767539339,0.109324537896,0.116195973339,0.106988249845,0.0995670995671,0.0865113722257,0.0798117226689,0.100941386656,0.220538720539,0.168040953755,0.137463066034,0.110664467807,0.100666529238,0.0772349343778,0.0610183467326,0.0477908335051,0.0403696832268,0.0362124647839,0.223940081083,0.299079227651,0.0839689411118,0.103586889301,0.0587851302137,0.175187246616,0.0184841613413,0.0369683226826,2012
Bangkok,0.0793898960484,0.0889734929406,0.0920884602991,0.097220398859,0.103760636838,0.103521942021,0.108283903615,0.104202222249,0.0953108403251,0.127248206805,0.228574156512,0.173543066512,0.139266490828,0.114525773073,0.0952989055843,0.0732196350356,0.0610223299001,0.0474286600866,0.0372005871892,0.0299203952786,0.237632624808,0.282972705248,0.0902266407285,0.108892575398,0.0642924488895,0.16580935445,0.0167444413945,0.0334292090847,2012
Amsterdam,0.0963018562204,0.106357376034,0.110539233207,0.113398622727,0.11293397193,0.106679057355,0.0945623942622,0.084757071032,0.0749040913098,0.0995663259227,0.22229370696,0.173803226345,0.137786832511,0.11138513594,0.0919889436939,0.0750351466629,0.0620368384683,0.0496938070389,0.0402816498678,0.0356947125122,0.220065765959,0.287332904425,0.0852693783211,0.10995544118,0.059499130269,0.186432196726,0.016691686325,0.0347534967951,2012
Guayaquil,0.0903586979059,0.0990669707651,0.0985693551731,0.108397263114,0.114410118184,0.11507360564,0.107236160066,0.0943810906075,0.0762181215011,0.0962886170433,0.241260626166,0.168277006013,0.134936761352,0.11300020734,0.0943396226415,0.077710968277,0.0597553390006,0.0484760522496,0.033423180593,0.0288202363674,0.249222475638,0.260460294423,0.0794940908148,0.118266639021,0.0686709516898,0.176777939042,0.0170018660585,0.0301057433133,2012
Dhaka,0.0584905660377,0.0981132075472,0.119811320755,0.102358490566,0.114622641509,0.108490566038,0.106603773585,0.0764150943396,0.0797169811321,0.135377358491,0.26320754717,0.180188679245,0.144811320755,0.115094339623,0.102358490566,0.0754716981132,0.05,0.0268867924528,0.0235849056604,0.0183962264151,0.228301886792,0.295283018868,0.0839622641509,0.1,0.0622641509434,0.185849056604,0.0169811320755,0.027358490566,2012
Istanbul,0.100651747154,0.104892029839,0.1074204947,0.111158225363,0.1102866117,0.10445229682,0.0968433451119,0.0890459363958,0.0769925402434,0.0982567726737,0.201044365921,0.166800157048,0.141900274833,0.119301138594,0.0972752257558,0.0800863761288,0.0655908912446,0.0525559481743,0.0415469179427,0.0338987043581,0.224601491951,0.264036120927,0.0796859049863,0.114825284649,0.0665959952886,0.196042402827,0.0182567726737,0.0359560266981,2012
Kampala,0.105084745763,0.0949152542373,0.127457627119,0.113898305085,0.117288135593,0.102372881356,0.106440677966,0.088813559322,0.0603389830508,0.0833898305085,0.229830508475,0.157966101695,0.128813559322,0.142372881356,0.0983050847458,0.0759322033898,0.0481355932203,0.0433898305085,0.0386440677966,0.0366101694915,0.282033898305,0.268474576271,0.0772881355932,0.113220338983,0.0420338983051,0.159322033898,0.0169491525424,0.0406779661017,2012
Santo Domingo,0.087250243316,0.0945783477415,0.111066582699,0.109520810672,0.108948302513,0.106486517433,0.101104940745,0.0893112726856,0.0794641323639,0.112268849831,0.240510677277,0.167573137917,0.133337150054,0.115646647965,0.0966966279269,0.0741970573081,0.0618881319059,0.0457434018435,0.0345222419419,0.0298849258602,0.225568214347,0.259174443236,0.0827274288659,0.116734413465,0.0763725883094,0.189385698746,0.0159157267991,0.0341214862312,2012
Paris,0.0940510781465,0.104287426804,0.107050007646,0.107780118298,0.108021844121,0.104183830022,0.0965275345446,0.0890192344691,0.0796363259648,0.109442599983,0.226319502341,0.170031917675,0.136964811627,0.112358109408,0.0944358661924,0.0749794039732,0.0616992832089,0.0496672570039,0.0396233023694,0.0339205462017,0.217651904947,0.296375592598,0.0838936603703,0.104376224045,0.0581621930945,0.181975146639,0.0185832893458,0.0389819889595,2012
Helsinki,0.0753342816501,0.0876813655761,0.106628733997,0.108506401138,0.112432432432,0.110611664296,0.108392603129,0.0971834992888,0.0897297297297,0.103499288762,0.205576102418,0.172347083926,0.140711237553,0.119260312945,0.103100995733,0.0799431009957,0.0615078236131,0.0484779516358,0.0385775248933,0.0304978662873,0.186571834993,0.298036984353,0.0755049786629,0.108051209104,0.0710099573257,0.210583214794,0.015533428165,0.0347083926031,2012
Baku,0.098356048897,0.0861317971055,0.092876211887,0.100323169875,0.0984965575383,0.0994801180273,0.108613179711,0.103414359983,0.0875368835183,0.124771673458,0.275818462835,0.173387663341,0.132499648728,0.106224532809,0.0824785724322,0.0622453280877,0.0536743009695,0.0429956442321,0.0345651257552,0.0361107208093,0.254601658002,0.267668961641,0.0817760292258,0.0940002810173,0.0664605873261,0.192918364479,0.0140508641281,0.0285232541801,2012
Dubai,0.103162687073,0.0977866033806,0.096672640093,0.0980287693127,0.102823654768,0.103647018937,0.108877803071,0.0977866033806,0.0879062333511,0.103307986632,0.222066159733,0.170920714874,0.137356516685,0.117983242117,0.0979319029399,0.0785586283722,0.061558579939,0.0500799147576,0.0358405579503,0.0277037826319,0.208650167094,0.299123359326,0.0833535138277,0.112025960188,0.0669346636315,0.186225601782,0.0154986196542,0.0281881144961,2012
Ulan Bator,0.0854244527496,0.0824879871863,0.0950347036839,0.0985050720769,0.1097170315,0.124933262146,0.102242391885,0.0995728777363,0.0867592098238,0.115323011212,0.273625200214,0.168179391351,0.134810464495,0.121195942338,0.0910304324613,0.0734116390817,0.0539241857982,0.0360384410037,0.023758675921,0.0240256273358,0.27068873465,0.241591030432,0.0664709022958,0.0859583555793,0.0619327282435,0.21996796583,0.0189535504538,0.0344367325147,2012
Montevideo,0.0947517113985,0.118765619907,0.114745191785,0.112571987395,0.115505813322,0.110072802347,0.0954036727154,0.0780180375964,0.0718244050853,0.0883407584483,0.192763229382,0.177116157775,0.14810387917,0.123438009345,0.102357926763,0.0791046397914,0.0609583831359,0.0486797783332,0.0317287840921,0.0357492122134,0.2146039335,0.28327719222,0.0871454960339,0.116375095078,0.0581332174291,0.18885146148,0.0166250135825,0.034988590677,2012
Mumbai,0.0994710800205,0.107490189387,0.104248421771,0.10527213786,0.106637092646,0.107319570039,0.0919638286982,0.0936700221805,0.0708070295171,0.113120627879,0.258317693226,0.1690837741,0.125234601604,0.113291247227,0.0854802934653,0.0747312745265,0.0574987203549,0.0431666951032,0.0329295342092,0.0402661661832,0.230336120116,0.289370414605,0.0798498549736,0.114485582665,0.0588636751408,0.174202354547,0.0148438832964,0.0380481146562,2012
Sydney,0.109898948704,0.106806235273,0.104438553562,0.105174913902,0.103996737357,0.101073953235,0.094707268443,0.0875249229654,0.0809543230016,0.105424143556,0.207993474715,0.16979336596,0.139579934747,0.119426318651,0.100915352547,0.0829141743701,0.0670201196302,0.0486790828349,0.0365121442813,0.0271660322639,0.210111926772,0.286738716694,0.0847833967736,0.102818560812,0.0632476889614,0.203167482327,0.0159280406018,0.0332041870582,2012
Toronto,0.0950544935754,0.107695919528,0.109330275312,0.108219635746,0.111416110594,0.106106711694,0.098115524574,0.0879211175021,0.076399360705,0.099740850768,0.189765862732,0.171191996171,0.146730836953,0.121854316595,0.102034366619,0.0794242733437,0.0645886570291,0.0500329580034,0.0393238643033,0.0350528682493,0.208664794532,0.289813719559,0.0879120879121,0.106260214724,0.0599564773764,0.191048064507,0.0200366601353,0.0363079812546,2012
Buenos Aires,0.0955147624,0.106433964823,0.106886105711,0.109237238323,0.113148256997,0.107632138174,0.0954921553556,0.0884839716056,0.0793507256861,0.0978206809242,0.222272460099,0.168987656554,0.136998688791,0.110277162364,0.0947687299362,0.0775873762264,0.0631866889723,0.0517023104399,0.0401953248632,0.0340236017543,0.225460053353,0.280282135914,0.0883257222951,0.11477596419,0.0656056427183,0.177985260207,0.0142876520324,0.0332775692906,2012
Beijing,0.0834373699542,0.0909280066583,0.098834789846,0.113607990012,0.116312942156,0.103620474407,0.10049937578,0.0900957136912,0.0934248855597,0.109238451935,0.234706616729,0.159176029963,0.141281731169,0.105076987099,0.0948813982522,0.0792759051186,0.0572201414898,0.0513940907199,0.0441115272576,0.0328755722014,0.257386600083,0.304203079484,0.075114440283,0.103620474407,0.0540990428631,0.162505201831,0.0137328339576,0.0293383270911,2012
Nairobi,0.0890963088672,0.0956724649979,0.109461179465,0.113491726771,0.122401357658,0.116249469665,0.0969452694103,0.0833686890115,0.065549427238,0.107764106916,0.242257106491,0.181374628765,0.140857021638,0.124734832414,0.0890963088672,0.0668222316504,0.054518455664,0.045820958846,0.0343657191345,0.0201527365295,0.221892235893,0.253075943997,0.0820958845991,0.128128977514,0.0706406448876,0.193254136614,0.0195163343233,0.0313958421723,2012
Tokyo,0.0850170745589,0.10146257077,0.105124614325,0.108311116437,0.110430458617,0.108034029296,0.105847287542,0.0965985681335,0.0842494682922,0.0949248120301,0.196110295659,0.17764281221,0.142497678459,0.116346643501,0.0966659677081,0.0805125363209,0.0656097414852,0.0545449779828,0.0405483329839,0.0295210136896,0.185322619297,0.36012341611,0.093805230207,0.110602701974,0.0555859269688,0.152409160351,0.014715573795,0.0274353712968,2012
Mecca,0.0846495791166,0.0894731864182,0.0898515085595,0.0992149815568,0.109051357231,0.102430719758,0.106213941171,0.10016078691,0.0867303508938,0.132223588386,0.265771304266,0.215549040008,0.160408587913,0.110186323655,0.0804880355623,0.058356190296,0.0390617610896,0.0317790598695,0.0201456540244,0.0182540433179,0.189633973328,0.280809609382,0.103944008323,0.133074813203,0.0622339922444,0.19020145654,0.0148491440462,0.025253002932,2012
Beirut,0.0859457555477,0.0970764353646,0.0971468827052,0.0990489609017,0.107713983797,0.101232828461,0.0976400140895,0.0960197252554,0.0898908066221,0.128284607256,0.236703064459,0.152377597746,0.128636843959,0.106234589644,0.0993307502642,0.0816484677703,0.0648115533639,0.0538217682282,0.042761535752,0.033673828813,0.242761535752,0.310531877422,0.0753786544558,0.0937654103558,0.0499471644945,0.177175061641,0.0171891511095,0.0332511447693,2012
Damascus,0.117870722433,0.117870722433,0.114611624117,0.117870722433,0.105920695274,0.0755024443237,0.0863661053775,0.074959261271,0.0760456273764,0.112982074959,0.271591526344,0.17164584465,0.1515480717,0.140141227594,0.113525258012,0.0581205866377,0.0439978272678,0.0228136882129,0.0141227593699,0.0124932102118,0.218902770234,0.30092341119,0.0869092884302,0.102661596958,0.0651819663227,0.189570885388,0.00923411189571,0.0266159695817,2012
Prague,0.0816156857311,0.0969272872138,0.110922506669,0.110264315655,0.112412096858,0.106072678145,0.0980358194478,0.09297814113,0.0866040807843,0.104167388367,0.191983926283,0.166314476738,0.135067724391,0.113763120518,0.0975161949631,0.0832784840822,0.0690407732012,0.0561540859805,0.0479440191222,0.0389371947206,0.204801330239,0.335019226106,0.0862576644611,0.096615512523,0.0533481137631,0.180656112516,0.0137873696609,0.0295146707313,2012
London,0.0899105756359,0.103518072289,0.108847121821,0.10998875502,0.111263186078,0.105225167336,0.0982661311914,0.0899341365462,0.0804455153949,0.102601338688,0.218165461847,0.174995448461,0.140682195448,0.115437751004,0.0971352074967,0.0761060240964,0.0617617135207,0.048747523427,0.0368556894244,0.0301129852744,0.213566800535,0.300532262383,0.0857467202142,0.107510575636,0.0580497991968,0.180680053548,0.0184224899598,0.0354912985274,2012
Singapore,0.0795928023077,0.0825536850781,0.0853619450253,0.0890554173471,0.0979838525053,0.108026434273,0.10998000641,0.10590497703,0.0996474412784,0.141893438745,0.266662596725,0.160253964378,0.126921139787,0.108026434273,0.0853161581783,0.0732742174265,0.0609575555929,0.0473435997619,0.0379572961341,0.0332870377436,0.262099174311,0.271683887609,0.0846751423208,0.111643595183,0.0642236840097,0.155568443705,0.015750675356,0.0343553975061,2012
Lisbon,0.0823199251637,0.100249454319,0.10469285937,0.109136264422,0.111942625507,0.109837854693,0.103991269099,0.0971312753352,0.0864515123168,0.0942469597755,0.2027595884,0.178203928906,0.141721234799,0.113969441846,0.0929996881821,0.0777985656377,0.0654817586529,0.0519176800748,0.043576551294,0.0315715622077,0.178827564702,0.293810414718,0.083021515435,0.119582164016,0.06509198628,0.212581852198,0.0152011225444,0.031883380106,2012
Sofia,0.0964613368283,0.0941022280472,0.116120576671,0.125819134993,0.110091743119,0.106159895151,0.100131061599,0.0872870249017,0.0692005242464,0.094626474443,0.197903014417,0.170904325033,0.135255570118,0.117955439056,0.0980340760157,0.0741808650066,0.0663171690695,0.0613368283093,0.043250327654,0.0348623853211,0.201048492792,0.288859764089,0.0985583224115,0.120838794233,0.0626474442988,0.188990825688,0.0131061598952,0.0259501965924,2012
Taipei,0.0766911480479,0.0927328952455,0.0996907614998,0.10459992269,0.108967916506,0.106880556629,0.10858136838,0.101778121376,0.0916505604948,0.10842674913,0.187243911867,0.163973714727,0.140858136838,0.118051797449,0.100038654813,0.0843448009277,0.068728256668,0.0570545032857,0.0424816389641,0.0372245844608,0.210746037882,0.334170854271,0.0849246231156,0.101314263626,0.0606494008504,0.158523386162,0.015191341322,0.0344800927716,2012
Luanda,0.0812182741117,0.0896785109983,0.093062605753,0.082910321489,0.093062605753,0.121827411168,0.155668358714,0.106598984772,0.0676818950931,0.108291032149,0.262267343486,0.165820642978,0.087986463621,0.104906937394,0.0981387478849,0.0896785109983,0.0744500846024,0.0389170896785,0.0270727580372,0.0507614213198,0.292724196277,0.263959390863,0.0456852791878,0.0862944162437,0.0812182741117,0.187817258883,0.0135363790186,0.0287648054146,2012
Minsk,0.0830968788002,0.091933522497,0.109323064451,0.107620591812,0.113538710985,0.111066072152,0.103931901094,0.0883259019051,0.0785974868261,0.112565869477,0.261653830563,0.177989460884,0.135306039724,0.110903931901,0.0943250912039,0.0676124847994,0.0557357113904,0.0402513173895,0.0344953384678,0.0217267936765,0.235265504662,0.251398459668,0.0789217673287,0.115646534252,0.0618565058776,0.206039724362,0.0165788406972,0.0342926631536,2012
Cairo,0.118789808917,0.108735213831,0.10864422202,0.102684258417,0.103230209281,0.0992720655141,0.0883530482257,0.0838034576888,0.0757961783439,0.110691537762,0.260236578708,0.17042766151,0.134076433121,0.114103730664,0.0873521383076,0.0685623293904,0.0552320291174,0.0454504094631,0.033212010919,0.0313466787989,0.254003639672,0.290718835305,0.0882620564149,0.109190172884,0.0613284804368,0.155323020928,0.0127388535032,0.0284349408553,2012
Copenhagen,0.0956352159298,0.101306099407,0.103820789818,0.104436632368,0.105463036617,0.105565677042,0.097970285597,0.0898616920274,0.0823689410074,0.113571630187,0.230325113546,0.172179312822,0.142798491186,0.112545225937,0.0937107079623,0.0754407123245,0.0604808703908,0.0480613789741,0.0349747247954,0.0294834620615,0.231967360345,0.290908624362,0.0818557388828,0.102691745144,0.0596854070976,0.18316183829,0.0158836057581,0.0338456801211,2012
Kiev,0.0877568072348,0.104566008061,0.109333529932,0.109259805367,0.112429961663,0.107539565517,0.100363707854,0.0858645433992,0.0762803499459,0.106605721026,0.218912808414,0.163299911531,0.137299714932,0.1182542023,0.0954978865625,0.0787378354468,0.0634031259216,0.0519020937776,0.0394426422884,0.0332497788263,0.248525508699,0.255455617812,0.0786395360267,0.106876044431,0.0633785510665,0.189644156099,0.0172023985058,0.0402781873587,2012
Vienna,0.0867350875839,0.0987730534763,0.102091210742,0.107299945983,0.111003935489,0.111312601281,0.103171541014,0.0933328188903,0.0799830233814,0.106296782159,0.220811791033,0.170846515935,0.138475190987,0.120379658924,0.0966895593796,0.0774365305965,0.0582220850374,0.0497337757543,0.0366154795895,0.0307894127633,0.206613164596,0.301064896983,0.105023535767,0.107145613087,0.0534377652597,0.179990740026,0.0158962882938,0.0308279959873,2012
Moscow,0.0806022289443,0.100662001547,0.107020557272,0.108444060325,0.109831249523,0.106359645141,0.10133743922,0.0917287936175,0.0839249465279,0.110089077882,0.220432352738,0.169251607796,0.137451566398,0.115928345505,0.0955453796069,0.0785831786968,0.0644389328085,0.0497390849635,0.0384273196382,0.0302022318494,0.227273882714,0.287790919358,0.0804969187695,0.109108603841,0.0574703043464,0.181391328978,0.01820050331,0.0382675386833,2012
Ho Chi Minh City,0.0696721311475,0.105646630237,0.100637522769,0.119307832423,0.124772313297,0.112932604736,0.0869763205829,0.0960837887067,0.077868852459,0.106102003643,0.203096539162,0.181693989071,0.161202185792,0.1029143898,0.0938069216758,0.0769581056466,0.0528233151184,0.0469034608379,0.0459927140255,0.0346083788707,0.194444444444,0.26320582878,0.0906193078324,0.167577413479,0.0988160291439,0.13160291439,0.0186703096539,0.0350637522769,2012
Jakarta,0.087750354036,0.101026704431,0.103580821364,0.10653955088,0.109953469553,0.105932632005,0.102417560186,0.0943253085171,0.0795822375076,0.108891361521,0.208881246207,0.159670240744,0.137972890957,0.118096297795,0.0978656686223,0.0817570301436,0.0656231033785,0.0526755007081,0.0403095286263,0.0371484928181,0.231286668015,0.279384988873,0.0844628767955,0.121029739025,0.0702255715153,0.167509609549,0.0163868096298,0.0297137365972,2012
Berlin,0.0963601425347,0.105333855712,0.104886102871,0.107815152702,0.109289005802,0.107292774389,0.0995317251544,0.0880580586183,0.078431372549,0.103001809668,0.21613402735,0.175407175239,0.137553403854,0.116135892987,0.0978899647395,0.0744762224585,0.0613421391392,0.0463237626164,0.039029122591,0.0357082890245,0.202477565717,0.287028227085,0.0886923751423,0.117591089718,0.0672748642749,0.188615884032,0.0164176041492,0.0319023898808,2012
Baghdad,0.113452188006,0.130470016207,0.106158833063,0.114262560778,0.107779578606,0.103727714749,0.0923824959481,0.080226904376,0.0761750405186,0.0753646677472,0.333063209076,0.19205834684,0.131280388979,0.0761750405186,0.0810372771475,0.0542949756888,0.047811993517,0.0445705024311,0.017017828201,0.0226904376013,0.321717990276,0.218800648298,0.0753646677472,0.106158833063,0.0510534846029,0.194489465154,0.0113452188006,0.0210696920583,2012
San Jose,0.104391177359,0.108218350287,0.10982979152,0.103837244435,0.109376573673,0.100765434586,0.0973914795045,0.0854567428744,0.0730184308591,0.107714774902,0.226256420586,0.168748111592,0.140900392789,0.11698056199,0.0907946419579,0.0820324302548,0.0608822640749,0.049249672676,0.0350488468124,0.0291066572666,0.23602578306,0.258686675395,0.0903414241112,0.110081579212,0.0645583643871,0.189394702387,0.0191358646389,0.0317756068083,2012
Panama City,0.0914264036419,0.0974962063733,0.11722306525,0.109256449165,0.122913505311,0.108877086495,0.0955993930197,0.0796661608498,0.0682852807284,0.109256449165,0.254552352049,0.184749620637,0.154779969651,0.117602427921,0.0864946889226,0.0565250379363,0.0546282245827,0.0413505311077,0.033004552352,0.0163125948407,0.18626707132,0.239757207891,0.0754931714719,0.117602427921,0.0929438543247,0.23937784522,0.0185887708649,0.0299696509863,2012
Casablanca,0.0978494623656,0.0962365591398,0.106989247312,0.103225806452,0.117741935484,0.111827956989,0.0870967741935,0.0827956989247,0.0903225806452,0.105913978495,0.253225806452,0.172043010753,0.131182795699,0.109139784946,0.0897849462366,0.0881720430108,0.0591397849462,0.0424731182796,0.0284946236559,0.0263440860215,0.229032258065,0.243548387097,0.0822580645161,0.128494623656,0.0629032258065,0.185483870968,0.0215053763441,0.0467741935484,2012
Khartoum,0.0992366412214,0.145038167939,0.0763358778626,0.0458015267176,0.0610687022901,0.129770992366,0.106870229008,0.0763358778626,0.114503816794,0.145038167939,0.282442748092,0.145038167939,0.152671755725,0.129770992366,0.129770992366,0.0916030534351,0.0229007633588,0.00763358778626,0.0229007633588,0.0152671755725,0.419847328244,0.167938931298,0.0687022900763,0.0534351145038,0.0839694656489,0.152671755725,0.0229007633588,0.030534351145,2012
Santiago,0.102313525791,0.10682883939,0.110977798945,0.112067702227,0.112360785463,0.106187719812,0.0958840123095,0.0849941383353,0.0710726846424,0.0973127930832,0.217321219226,0.171682664127,0.137135477726,0.114613862837,0.0959847596717,0.0755788393904,0.0615200029308,0.0511338657679,0.0405737104338,0.0344555978898,0.223265313599,0.26151267585,0.0852414273154,0.117801143025,0.0680227872216,0.189130275498,0.0176491060961,0.0373772713951,2012
Budapest,0.0876552657915,0.0988402896332,0.103844116089,0.104373933008,0.115088008477,0.115500088303,0.100900688762,0.090127744746,0.0807676458468,0.102902219344,0.209277682934,0.157237887797,0.133867074822,0.107493965974,0.0941896744569,0.0776476128804,0.0688761994466,0.0577500441514,0.0494495790899,0.0442102784482,0.215753223053,0.29958203332,0.0963678106788,0.11232118679,0.060457997292,0.172367104256,0.0143639253547,0.0287867192559,2012
Stockholm,0.0891448178629,0.0984109188813,0.101468477421,0.103455890471,0.10586796443,0.10605481523,0.103379451508,0.0936292370542,0.084677385108,0.113911042033,0.218207761103,0.163791712318,0.132918864287,0.113223091362,0.0946654096704,0.0783244579204,0.0672832743055,0.0547557775117,0.0420244434819,0.0348052080414,0.233988160454,0.296829481659,0.0791483000824,0.0967462481209,0.0540508404039,0.183198715825,0.0187275460545,0.0373107074001,2012
Doha,0.0668576886342,0.0750042137199,0.0853980560706,0.0859598853868,0.094780605652,0.0988819596607,0.0967470082589,0.100061801225,0.127647620653,0.168661160739,0.286645317153,0.168155514355,0.129782572055,0.110511826507,0.0887128490365,0.0675318838137,0.0541041631552,0.043036125625,0.0290465756503,0.0224731726501,0.23641777628,0.262879937075,0.0936007640879,0.110511826507,0.0757907747626,0.158548233047,0.0166301477611,0.0456205404798,2012
Caracas,0.101261099918,0.106484590702,0.108573987016,0.109991791657,0.109096336094,0.101111857324,0.0968584433997,0.0895455563018,0.0785016043579,0.0985747332289,0.225505559287,0.169315722707,0.134915304828,0.122901276024,0.0963360943213,0.0762629654503,0.0588015819715,0.0479068726214,0.038280725319,0.0297738974703,0.244459368704,0.264010148496,0.0824565330945,0.134169091859,0.0677561376017,0.16416685322,0.0160435788374,0.0269382881874,2012
Manama,0.0875676619522,0.0828531517374,0.0873930504627,0.0931552296141,0.098131657063,0.104766893662,0.105552645364,0.103282696001,0.101449275362,0.135847738781,0.279902217566,0.162388685175,0.124672603457,0.112711716431,0.0869565217391,0.0670508119434,0.056050288109,0.0446132355509,0.0348349921425,0.0308189278855,0.274663872883,0.266457132879,0.0849484896106,0.099703160468,0.060066352366,0.160118735813,0.0161515627728,0.0378906932076,2012
Los Angeles,0.105905960462,0.111653371649,0.111740078284,0.106512906902,0.105076054105,0.101372442154,0.0962443640688,0.084885794976,0.0744066788882,0.102202348511,0.190333448942,0.164668285191,0.145840558886,0.121067234802,0.103329534757,0.0801788633999,0.0668508150424,0.0517514740128,0.0404424515682,0.0355373333994,0.21773274538,0.261445275727,0.0812565029976,0.102474855076,0.0605212307387,0.209929148293,0.0242406976168,0.0423995441708,2012
Mexico City,0.0991920222694,0.105372955028,0.106277166717,0.107090957237,0.10933856915,0.104268525037,0.097680697018,0.0865653518998,0.0770711291666,0.107142626477,0.241979965252,0.174616194431,0.138292719158,0.11216100135,0.0907311843236,0.0733121920029,0.0577855855739,0.0461406307522,0.0346442249937,0.0303363021617,0.236154258514,0.260115868269,0.0823284742719,0.12799116456,0.0665435216462,0.174241592446,0.0177613010314,0.034863819261,2012
San Salvador,0.0877015200368,0.0976508521419,0.105297098111,0.112943344081,0.109626900046,0.10833717181,0.10170428374,0.0879778903731,0.0806080147398,0.108152924919,0.239152464302,0.166467065868,0.130631045601,0.115154306771,0.0965453707969,0.0771073238139,0.0602487333026,0.0451404882543,0.0329801934592,0.0365730078305,0.238876093966,0.245877475818,0.0846614463381,0.122892676186,0.0643942883464,0.193274988485,0.0140027637034,0.036020267158,2012
Barcelona,0.0857753066387,0.101829093686,0.106715028874,0.109864935809,0.112173674414,0.116111058082,0.102580776023,0.0897305875054,0.0774889037369,0.0977306352312,0.196350164654,0.18030234334,0.145832339045,0.119422039803,0.09671646065,0.078049682623,0.0625745716604,0.0482985729967,0.0390874815062,0.0333663437217,0.207858063284,0.291044241875,0.0812413496874,0.107287739226,0.0642330453873,0.197728248938,0.0168293323152,0.033777979287,2012
San Juan,0.0884602135722,0.0933517051326,0.10037891836,0.104030313469,0.111401997933,0.118566999656,0.0999655528763,0.0952118498105,0.0789528074406,0.10967964175,0.204064760592,0.151842921116,0.139028591113,0.112366517396,0.099689975887,0.0839131932484,0.0708921805029,0.0593179469514,0.0440234240441,0.0348604891492,0.212538753014,0.264622803996,0.0728212194282,0.0995521873924,0.0713744402342,0.232931450224,0.0147433689287,0.0314157767826,2012
Amman,0.0909727081875,0.0864240727782,0.11266620014,0.093421973408,0.116165150455,0.107417774668,0.117914625612,0.0874737578726,0.0804758572428,0.107067879636,0.254373687894,0.179496151155,0.134009797061,0.11021693492,0.0853743876837,0.07277816655,0.0580825752274,0.0416375087474,0.0325402379286,0.0314905528341,0.189643107068,0.303358992302,0.0990202939118,0.0965710286914,0.0780265920224,0.178796361092,0.0143456962911,0.0402379286214,2012
Belgrade,0.11114914007,0.10635749123,0.112689312912,0.115684093437,0.105672969967,0.109352271755,0.0996834089159,0.0843672456576,0.0669119534526,0.0881321126037,0.241122614871,0.179686831522,0.149311200479,0.116111919226,0.092495935655,0.0729015145033,0.0514246598785,0.0427825789339,0.030375631043,0.0237871138872,0.250962608026,0.246342089501,0.0696500385043,0.109523402071,0.0559596132455,0.203217249936,0.0221613758877,0.0421836228288,2012
Accra,0.107066381156,0.112205567452,0.0955032119914,0.0993576017131,0.101070663812,0.0985010706638,0.0989293361884,0.10278372591,0.0736616702355,0.110920770878,0.304068522484,0.170877944325,0.129336188437,0.10835117773,0.0826552462527,0.065096359743,0.0458244111349,0.0364025695931,0.0256959314775,0.0316916488223,0.265952890792,0.274518201285,0.0740899357602,0.117773019272,0.071948608137,0.147751605996,0.0111349036403,0.0368308351178,2012
Athens,0.101496598639,0.0992808551992,0.108415937804,0.108999028183,0.111175898931,0.106316812439,0.0991642371234,0.0910009718173,0.0773566569485,0.0967930029155,0.200388726919,0.171467444121,0.14612244898,0.121049562682,0.0991642371234,0.0757628765792,0.0631681243926,0.0483965014577,0.0377842565598,0.0366958211856,0.200310981535,0.311486880466,0.0820991253644,0.103090379009,0.061768707483,0.192808551992,0.0171039844509,0.0313313896987,2012
Rome,0.0823078474884,0.0983505768658,0.10873512205,0.108956069819,0.111540198084,0.106621708599,0.102135508228,0.093134288212,0.0820580804442,0.106160600209,0.205942534367,0.170446794816,0.14296281353,0.118072566933,0.0959393642468,0.0780906270113,0.0615963956694,0.0505682200256,0.041336445815,0.0350442375861,0.204549602774,0.325004563052,0.0776391250468,0.100512022441,0.0560727014227,0.188074584282,0.016061942227,0.0320854587548,2012
Lima,0.0928965021562,0.102779108769,0.107271202683,0.11200287494,0.119130330618,0.109127934835,0.103917105894,0.0852299952084,0.0738500239578,0.0937949209391,0.243890752276,0.178246286536,0.140153330139,0.113799712506,0.0929563967417,0.0701964542405,0.0525874460949,0.0443219932918,0.0319837086727,0.0318639195017,0.221789650216,0.267609008146,0.0882247244849,0.128174413033,0.0727719214183,0.174472927647,0.01527311931,0.0316842357451,2012
Phnom Penh,0.0840541139942,0.0980261698825,0.0984697272122,0.101574628521,0.107340873808,0.111998225771,0.112220004436,0.0931470392548,0.0853847859836,0.107784431138,0.231758704813,0.158349966733,0.133067198935,0.110889332446,0.103570636505,0.0758483033932,0.0703038367709,0.0483477489466,0.0374805943668,0.0303836770903,0.213794632956,0.290308272344,0.0935905965846,0.142603681526,0.0725216234198,0.148148148148,0.0159680638723,0.0230649811488,2012
Rio de Janeiro,0.0897764748992,0.102031676235,0.105696022149,0.112373274704,0.108546068971,0.110500386792,0.0984894751842,0.0878628720329,0.0819184886609,0.102805260372,0.22043076422,0.175725744066,0.139448719515,0.118317658076,0.0957208582712,0.0743047921502,0.0595659785839,0.0472293473393,0.0362770245511,0.0329791132283,0.214893530394,0.254427751313,0.0818777737063,0.129554985546,0.0756891006067,0.197589674688,0.0138837995196,0.032083384227,2012
Warsaw,0.0873429359485,0.107467565635,0.11308611707,0.107774032077,0.111043007457,0.106139544387,0.101644703238,0.0863213811421,0.0773316988456,0.1018490142,0.203902339361,0.157421595669,0.14168965165,0.110327919093,0.101338236796,0.0794769639391,0.0679333946266,0.0548574931045,0.0428031463888,0.0402492593728,0.214424353867,0.279906016958,0.0928593319032,0.122995198692,0.062416998672,0.184084176116,0.013688834406,0.029625089386,2012
Guatemala City,0.0953006901084,0.101215905357,0.0988333881038,0.106145251397,0.102119618797,0.111156753204,0.0977653631285,0.0916858363457,0.0814985211962,0.114278672363,0.250575090371,0.155192244496,0.129066710483,0.114114360828,0.0936575747617,0.0768977982254,0.0680249753533,0.0472395662175,0.035080512652,0.0301511666119,0.245234965495,0.257804797897,0.0866743345383,0.116332566546,0.0639171869865,0.18156424581,0.0168419323036,0.0316299704239,2012
Bucharest,0.0964988425926,0.0963541666667,0.10083912037,0.103587962963,0.110387731481,0.108217592593,0.099537037037,0.0911458333333,0.0855034722222,0.107928240741,0.240596064815,0.169994212963,0.133391203704,0.107783564815,0.0980902777778,0.0766782407407,0.0559895833333,0.0434027777778,0.0402199074074,0.0338541666667,0.229890046296,0.256365740741,0.0826099537037,0.119212962963,0.0859375,0.186342592593,0.0134548611111,0.0261863425926,2012
Seoul,0.0835975002264,0.0978625124536,0.101281586813,0.106546055611,0.110712344896,0.111391631193,0.109942487094,0.0967416900643,0.0835408930351,0.0983832986143,0.215809256408,0.175425686079,0.144427588081,0.115342813151,0.0960850466443,0.0771782447242,0.0634000543429,0.0496105425233,0.0359342450865,0.0267865229599,0.196834525858,0.318958880536,0.0864505026719,0.116950457386,0.0610565166199,0.171214111041,0.016767050086,0.0317679558011,2012
Dublin,0.0943245203732,0.0989644563396,0.103154155932,0.110583056104,0.111846219265,0.109620050527,0.10180344681,0.088696565697,0.0774781760424,0.10352935291,0.225030641087,0.162797968934,0.133570124315,0.1106580955,0.0960004002101,0.0791540558793,0.0660846944646,0.0528027214288,0.0402461292178,0.0336551689637,0.238562745441,0.276032417019,0.0791290427474,0.104342279697,0.057942920033,0.187661022037,0.0188724080142,0.0374571650116,2012
Abidjan,0.0907738095238,0.0982142857143,0.0997023809524,0.108630952381,0.125,0.122023809524,0.125,0.0982142857143,0.0550595238095,0.077380952381,0.221726190476,0.157738095238,0.136904761905,0.108630952381,0.11755952381,0.0758928571429,0.078869047619,0.0550595238095,0.0282738095238,0.0193452380952,0.196428571429,0.28869047619,0.0833333333333,0.127976190476,0.078869047619,0.160714285714,0.00892857142857,0.0550595238095,2012
Kuwait City,0.0834290864031,0.0730652247381,0.0826630618452,0.0849386053847,0.0922608989523,0.0996733130562,0.105936690323,0.107108257294,0.107964402388,0.162960459615,0.293454996057,0.154646840149,0.117674890166,0.101295482708,0.0857722203447,0.0666891968007,0.0565281063422,0.051886898727,0.0374676129323,0.0345837557733,0.267387630956,0.254545454545,0.0923284893545,0.118305733919,0.0580150951898,0.158454432804,0.0148248282077,0.0361383350231,2012
Kuala Lumpur,0.0805699278771,0.0982674819693,0.101854029476,0.103010348071,0.111535747883,0.113907180934,0.106812480401,0.0980714957667,0.0815106616494,0.104460645971,0.205275948573,0.170076826591,0.135759642521,0.113926779555,0.0927406710568,0.0812362809658,0.0652830040765,0.0562284415177,0.0415294763249,0.0379429288178,0.223659454374,0.308423486987,0.0840976795234,0.115553465036,0.0676936343681,0.153907964879,0.0150713389777,0.0315929758545,2012
Karachi,0.0572429906542,0.0806074766355,0.0969626168224,0.0969626168224,0.120327102804,0.10046728972,0.101635514019,0.0852803738318,0.109813084112,0.150700934579,0.232476635514,0.182242990654,0.129672897196,0.114485981308,0.0934579439252,0.0957943925234,0.0630841121495,0.0397196261682,0.0292056074766,0.0198598130841,0.271028037383,0.292056074766,0.0572429906542,0.0771028037383,0.0841121495327,0.164719626168,0.0210280373832,0.0327102803738,2012
Cape Town,0.0875756741882,0.0992707760044,0.103604843148,0.111929003853,0.110140341222,0.103811227298,0.101265822785,0.0917033571822,0.0822784810127,0.108420473308,0.203082003302,0.16827187672,0.138690148597,0.119358833242,0.0950742982939,0.0859246009906,0.0646670335718,0.0553109521189,0.0351541001651,0.0344661529994,0.209892680242,0.268780957622,0.0813841496973,0.103467253715,0.0651485965878,0.224339570721,0.0156164006604,0.031370390754,2012
Kuala Lumpur,0.0767238164537,0.081569875847,0.0850807221793,0.0906125790168,0.0968265951157,0.104703260721,0.108617945336,0.106309518396,0.103384419482,0.146171267452,0.265561871845,0.156623766429,0.129459275092,0.110735367684,0.0927427350039,0.0751175587794,0.0607903951976,0.045484560462,0.0342116512802,0.0292728182273,0.270035017509,0.262234753741,0.0670371549411,0.103428077675,0.0599790804493,0.175787893947,0.0218982218382,0.0395997998999,2014
San Juan,0.0892432246382,0.088337847747,0.0882779881179,0.092019214941,0.0995989404846,0.101035571585,0.102906184996,0.10100564177,0.0962168714365,0.141358514284,0.215217814226,0.148661389043,0.134856262065,0.124059081454,0.104844140491,0.0863624799844,0.0672448109184,0.0478502910674,0.035466830283,0.0354369004684,0.273408856232,0.256752914416,0.0584005507086,0.0740463612828,0.0524744474208,0.214387261871,0.0255226493872,0.0450069586819,2014
Abidjan,0.0727514483807,0.0741760850983,0.082850539779,0.0906068952417,0.0951024155507,0.0981416405483,0.101909013202,0.100927596796,0.102098964764,0.18143540064,0.297495805236,0.136131953019,0.117421724127,0.110710102257,0.0906702124292,0.077088675721,0.0594864976098,0.0416310507487,0.0326400101307,0.0367239687213,0.310317535695,0.223731281856,0.0595498147972,0.111438249913,0.050938677304,0.178902713141,0.0212745749834,0.0438471523095,2014
Manama,0.0875524985451,0.0660342301031,0.0735014689075,0.0789844555226,0.0871528435105,0.0960574381411,0.10621708981,0.114378466306,0.117961338634,0.172160170519,0.272207147515,0.143216732224,0.118543292456,0.102823527762,0.0883167511551,0.0754576751295,0.0614697489185,0.0504687182292,0.0401197562805,0.0473766503299,0.285052200557,0.240178652812,0.076116755362,0.124776508698,0.0540796365243,0.161607875308,0.0194288438751,0.0387595268645,2014
Mexico City,0.0884833964927,0.0898194119021,0.0908574188618,0.0947332029128,0.098810728639,0.102914204539,0.103222258218,0.10070843975,0.0962048289088,0.134246109776,0.238751645953,0.155559573647,0.131707178237,0.114720696603,0.0958616169302,0.0779133046542,0.062507272327,0.0478730484004,0.0370200159552,0.0380856472936,0.278811180674,0.252858495375,0.0634264107477,0.0906330754221,0.0566986188648,0.187414667875,0.0245597469272,0.045597804113,2014
Karachi,0.0727347691114,0.0780219247187,0.0857101280559,0.0932043073341,0.0994858362437,0.100455956539,0.105282305006,0.108459448972,0.109356810244,0.147288513776,0.24529491657,0.143019984478,0.125315289096,0.113819363601,0.0923554520761,0.0790405510283,0.063736903376,0.0529928211098,0.0397506790842,0.0446740395809,0.259943733023,0.250582072177,0.0721769499418,0.107853123787,0.0650223127668,0.189876794723,0.0199117190532,0.0346332945285,2014
Kuwait City,0.101047950481,0.0653479206841,0.0724598163838,0.0802997678093,0.0896295629979,0.0965615530356,0.103853354397,0.10839035031,0.112182424341,0.17022729956,0.284205969495,0.142586481214,0.121225494881,0.10251249501,0.0875212935217,0.0723417532931,0.0599395067212,0.0467529839041,0.0359923764976,0.0469216454622,0.29291733897,0.246068780183,0.0706185943746,0.107957452311,0.0488753085101,0.17162156844,0.0197868117906,0.04215414542,2014
Ho Chi Minh City,0.078543022415,0.0911514822849,0.0838756326826,0.0883947939262,0.0971167751265,0.100912870571,0.104754157628,0.10516088214,0.104166666667,0.145923716558,0.241006869125,0.174168474331,0.140319956616,0.117678958785,0.0922360809834,0.0691883586406,0.0580260303688,0.0435195227766,0.0297360809834,0.0341196673897,0.238159797542,0.236442516269,0.071809472162,0.0920101229212,0.0625,0.229528199566,0.0249005784526,0.0446493130875,2014
Kiev,0.0813765895241,0.0964458064743,0.0952552044806,0.0973475641974,0.0978548029166,0.0986438409243,0.0988551903906,0.098798830533,0.0943393567931,0.141082813766,0.25157631477,0.153024058614,0.128493430554,0.112501320934,0.0951706646941,0.0789953855367,0.0637148191201,0.0479974638064,0.035055831484,0.0334707104865,0.263552784529,0.248631512205,0.057613864525,0.0847581809856,0.0517594843073,0.22526330621,0.0250801366727,0.0433407305647,2014
Montevideo,0.0818215034229,0.0892102285126,0.0932547435514,0.0987531526411,0.110554306622,0.111894020512,0.10551008084,0.0992073359485,0.0908315867998,0.118963041151,0.21934516409,0.155193674927,0.140053385569,0.124661899856,0.0988571834545,0.0795252135169,0.0637708886261,0.0480292504199,0.0358145105223,0.034748829019,0.239641322054,0.251036502129,0.0735979944889,0.108417868941,0.0702893071548,0.196065097916,0.0208695961067,0.0400823112094,2014
Ulan Bator,0.0754437970629,0.0700875668677,0.0798732495145,0.0879484820607,0.0994582438925,0.110722682204,0.114899996593,0.110484173226,0.1068656513,0.14421615728,0.283287335173,0.157743023612,0.125496609765,0.107662952741,0.0915465603598,0.0732154417527,0.0567787658864,0.0413301986439,0.0307676581826,0.0321714538826,0.248144740877,0.259531840949,0.071062046407,0.103519711063,0.0569763876112,0.209492657331,0.0187331765989,0.0325394391632,2014
San Salvador,0.0817558414846,0.0854589340466,0.0908504833207,0.0969020656733,0.102155468489,0.10704048075,0.107489456739,0.104058819692,0.096180634169,0.128107815636,0.252470327292,0.157947450622,0.133069575929,0.114389104849,0.0960770243253,0.0746336240805,0.0596984569808,0.0452122658705,0.0336194755807,0.0328826944699,0.250229284747,0.225117328554,0.0726496874436,0.125145341586,0.0745185020319,0.199909437322,0.0182276576884,0.0342027606267,2014
Singapore,0.078662505483,0.0764743547728,0.0800590901528,0.0834169435467,0.091143535628,0.0991423860926,0.105719442778,0.107882384378,0.110725971937,0.16677338523,0.29798680051,0.153404994429,0.12623209523,0.107368118543,0.0887864838838,0.0713291755109,0.054965942493,0.0400950887613,0.0298450648126,0.0299862358262,0.288291376972,0.252718802466,0.0630605875739,0.0975642958339,0.0532996203508,0.181361896935,0.0230108752099,0.0406925446579,2014
Belgrade,0.0829465744406,0.0856694654193,0.0922206598337,0.0967317180223,0.103185376043,0.109606521933,0.106168364071,0.101397208834,0.0926189334395,0.129455177963,0.266664499191,0.155131633491,0.133088408612,0.11390625127,0.0930253350782,0.0733392397038,0.0575302159618,0.0420056733669,0.0318862725655,0.0334224707594,0.263738407393,0.244938267591,0.067836561517,0.113873739139,0.0596109923515,0.188505336054,0.0206939714381,0.0408027245166,2014
Guayaquil,0.0757601218295,0.0804039979695,0.0865462374626,0.0917432477376,0.0998564651928,0.10680565037,0.107346531534,0.106236762415,0.102468098514,0.142832886975,0.247270213027,0.148847345481,0.129034290816,0.113543034186,0.0961473157241,0.077867632901,0.0629487650755,0.0482399481874,0.037170263789,0.0389311908138,0.267722172627,0.234401092265,0.0795357874285,0.116131911989,0.0633583644034,0.178165205062,0.0197797966007,0.0409056696249,2014
Amsterdam,0.0909252499762,0.0989990937267,0.0977673631452,0.10069898207,0.102341289512,0.101490093581,0.0991743399476,0.0971014275056,0.0894606922726,0.122041468263,0.21519735228,0.158725509341,0.138326849223,0.11858911771,0.100090627331,0.082105358028,0.065487009248,0.0499727116599,0.0368242380545,0.0346812271241,0.272012177109,0.27562224926,0.055773361573,0.0748451574462,0.0481176052354,0.20017374411,0.026331996455,0.0471237088109,2014
San Jose,0.0838509747693,0.0848870285146,0.0866584954094,0.0902199301589,0.0926111792049,0.0972872967785,0.102721953701,0.103253856294,0.102190051109,0.15631923406,0.25142341759,0.142591521935,0.125857403853,0.112314701325,0.0969265280636,0.0790453504776,0.0638283110936,0.0496797021345,0.0387271339701,0.0396059295576,0.294576906177,0.23030457205,0.0616821997641,0.0942901413011,0.0586017899679,0.196124048935,0.0221178973659,0.0423024444393,2014
Panama City,0.0764749150603,0.080853249892,0.0878469100632,0.0932526941354,0.101157047952,0.10978528646,0.107485201228,0.104216044554,0.096825415358,0.142103235298,0.268397762963,0.154876297447,0.131700311737,0.112482340716,0.0922836226926,0.0729138693972,0.0576305619447,0.0417985031933,0.033975878294,0.0339408516153,0.260645191421,0.220539644362,0.0759728659996,0.125955936438,0.070578757487,0.188642015669,0.018704246401,0.0389613422223,2014
Amman,0.0921927174432,0.0771505803784,0.0798219112737,0.0835744951503,0.0909365558912,0.0974558753379,0.100636031166,0.105088249324,0.108880585149,0.164262998887,0.286269677214,0.145317220544,0.123397996502,0.106551121005,0.0882175226586,0.0722610907934,0.0578470345047,0.0446016854826,0.0349340117666,0.0406026395293,0.273938622993,0.234043568135,0.0795118460805,0.137191922404,0.0528939418031,0.169812370806,0.0172046430275,0.0354030847512,2014
Athens,0.0800314637983,0.0853455529945,0.0875132623569,0.0947663995902,0.101479896096,0.111733069915,0.109364138587,0.102714667252,0.0946292027952,0.132422346614,0.231981487579,0.152882961987,0.133272966743,0.116086781546,0.0977938755351,0.0800771960634,0.0620129513775,0.0481194892621,0.0373449676216,0.0404273222844,0.25855193356,0.26990268174,0.059589141331,0.082811985512,0.0580708301321,0.207194599934,0.0221069769144,0.0417718508762,2014
Caracas,0.0781811318186,0.0821062012074,0.0930877315667,0.102155461834,0.109940621142,0.111814195848,0.105822160475,0.0987208327274,0.0922878652388,0.125883798143,0.265626788869,0.164153611466,0.135284161409,0.112341767256,0.0897273647112,0.0706790973423,0.054746750253,0.0417895345923,0.0319683519041,0.0336825721968,0.258420256267,0.222828525368,0.0736882656361,0.130163160354,0.0674688021189,0.196432936546,0.0169147747843,0.0340832789259,2014
Warsaw,0.081914488225,0.0907857632802,0.0910906180931,0.0959530523588,0.0994893681884,0.103833549272,0.106653456291,0.103620150903,0.0963950918375,0.13026446155,0.229266062038,0.155201585245,0.133526408048,0.115890557122,0.0932246017834,0.0800396311257,0.0658029113635,0.05153570612,0.0373904428016,0.0381220943526,0.255575032391,0.261016690801,0.0646444630745,0.0872037192287,0.0585473668166,0.208398750095,0.0222544013414,0.0423595762518,2014
Dublin,0.0959602110628,0.0919396041202,0.0897702118849,0.0915300837614,0.0943069058225,0.0969802060085,0.0964199699787,0.0961520310078,0.0940922501697,0.152848526183,0.255052019742,0.14109422622,0.123573148861,0.112196399266,0.097167458812,0.080771420655,0.0658931958725,0.0501106770635,0.037852469149,0.0362889843591,0.307010866752,0.246420122217,0.0554146507811,0.073996827359,0.0475637344603,0.195172226908,0.0267193004357,0.0477022710873,2014
Copenhagen,0.0863208724369,0.0934015867765,0.0918693666243,0.0942199316305,0.0965704966367,0.0987469457165,0.101799778292,0.0994027823725,0.0962570879692,0.141411151545,0.245857491918,0.157615540427,0.132728570682,0.113297233298,0.0966865739209,0.0778646422788,0.0607664583079,0.04582150796,0.0334882965078,0.0358736846993,0.277279612766,0.265944665959,0.0511900823568,0.0669998084725,0.0462509939117,0.223704142218,0.0261696237355,0.0424610705808,2014
Baghdad,0.101452040276,0.077933227345,0.0829146793853,0.0886486486486,0.0937784843667,0.0995336512984,0.10510863805,0.108118706942,0.1102172761,0.132294647589,0.235251722311,0.14346581876,0.126581875994,0.112994170641,0.0973820879703,0.0810068892422,0.0655643879173,0.0515527291998,0.039342872284,0.046857445681,0.259565447801,0.247228404875,0.0878113407525,0.144578696343,0.0526126126126,0.160254372019,0.0154636989931,0.0324854266031,2014
Baku,0.0828588480088,0.0837943771473,0.0852460602932,0.0864719260609,0.0926657741504,0.0982789489814,0.101182315273,0.106456764037,0.106666451602,0.156378534445,0.257883445973,0.147894252948,0.128215881414,0.110408568157,0.092810942465,0.0777295675597,0.0617771827669,0.0477765053148,0.0355178476378,0.0399858057648,0.279303837282,0.254947820056,0.0648579769989,0.0935690436634,0.0531638627676,0.186121909125,0.0248560414214,0.0431795086859,2014
Los Angeles,0.0988517409817,0.0984280830741,0.0944093093181,0.094526180465,0.0943004066585,0.0943827476938,0.0938408905581,0.0942446272474,0.0913533944428,0.145662619561,0.228367549132,0.147928326113,0.135334131953,0.121439746283,0.104083052887,0.0834300619151,0.0644052985128,0.0477564724038,0.0339763017188,0.033279059081,0.287667703455,0.247041699094,0.0506158312593,0.0687056254864,0.0456820095462,0.220043136078,0.029816751354,0.0504272437268,2014
Santiago,0.0850733211386,0.0903972861696,0.089621862363,0.0935096874446,0.098156112542,0.103688080803,0.104741861874,0.102441590858,0.0981301121382,0.13424008467,0.220845900195,0.146995576872,0.130148844664,0.115054845558,0.0990049492533,0.0822943368062,0.0676178735952,0.0531708257116,0.0433334964731,0.0415333508709,0.272539291198,0.256062682385,0.0660073779969,0.0931869765507,0.0567344104638,0.19038566246,0.0219535173958,0.0431300815495,2014
Seoul,0.0813469590338,0.0895071076778,0.0920269289996,0.0940504218792,0.100670679715,0.108179238199,0.112030237856,0.106667345406,0.0978886951653,0.117632386067,0.235684742355,0.166641638138,0.137172455044,0.11457042137,0.0945645672398,0.0758109879481,0.0615498173766,0.047245377146,0.0354454865928,0.0313145067895,0.232800946842,0.292029474274,0.0658716927345,0.0958422948191,0.058464945213,0.200845030989,0.0195477047991,0.03459791033,2014
Khartoum,0.0927095600043,0.0677657638368,0.0820040680869,0.0853227705813,0.0944224387111,0.10491382079,0.107161974093,0.104699710952,0.108553688042,0.152446204903,0.284766085002,0.13724440638,0.121186168504,0.103950326518,0.0909966812975,0.0762231024516,0.0617706883631,0.0445348463762,0.0436784070228,0.0356492880848,0.264318595439,0.232844449202,0.0902472968633,0.161010598437,0.0610213039289,0.146665239268,0.0158441280377,0.0280483888235,2014
Budapest,0.0835393200219,0.0931750566155,0.0946996048016,0.0993472565533,0.105430647859,0.107858083806,0.105119817646,0.101789493939,0.0928938292802,0.116146889478,0.206420864108,0.159751927887,0.135329554033,0.117730643419,0.101227039268,0.0821923891002,0.0703956424564,0.0522342771717,0.0400378916831,0.0346797708737,0.243291247909,0.29690205888,0.0630837317387,0.0816003315522,0.0522638800491,0.199715812377,0.0230014357396,0.040141501754,2014
Accra,0.085793818848,0.0795246365778,0.0869477290571,0.0903499797768,0.0987842306869,0.100092788656,0.102448193,0.102900240299,0.102127001499,0.151031381599,0.269217958174,0.142513858818,0.125300373534,0.106088363351,0.0920035212105,0.0769313126026,0.0628940543884,0.0461207204206,0.0362113678,0.0427184697009,0.297185410768,0.220254098166,0.0586709809426,0.115593252599,0.055780257429,0.188289595775,0.0227213247365,0.0415050795841,2014
Dhaka,0.0857212386689,0.0848086633814,0.0896148932287,0.0957595668309,0.102573462311,0.10841394415,0.102025917138,0.101721725376,0.094664476486,0.134696112429,0.244448500335,0.150392407374,0.134331082314,0.114315264343,0.0929001642636,0.0750745269818,0.0638194317698,0.0490357121129,0.0368072032609,0.0388757072458,0.253391738152,0.252844192979,0.069599075257,0.11644460668,0.069964105372,0.185678651822,0.0156354565918,0.036442173146,2014
Dar es Salaam,0.078930044004,0.0782024184886,0.0847510481272,0.0958733238627,0.104466234711,0.106337271751,0.110460483005,0.103322823187,0.0948685076747,0.142787845189,0.25875749281,0.148123765635,0.131215134611,0.108312255293,0.0967048958803,0.0783063649908,0.0613284362981,0.0443505076054,0.0338172620491,0.0390838848273,0.279927930425,0.21163507848,0.0737673677281,0.133917743668,0.0673919822598,0.174422230692,0.0200963237587,0.0388413429888,2014
Casablanca,0.079713356974,0.0754284869976,0.0809692671395,0.0887509850276,0.0956708037825,0.100448187549,0.106087470449,0.108796296296,0.11116036249,0.152974783294,0.258323483058,0.148616036249,0.122241922774,0.106210598897,0.0938977541371,0.0742218282112,0.0600128053586,0.048414105595,0.038883963751,0.0491775019701,0.261007683215,0.237958037825,0.0766105200946,0.110569345942,0.0610963356974,0.196118991332,0.0188140267928,0.0378250591017,2014
Damascus,0.0895929500629,0.0787242971045,0.0777591271507,0.0845572807386,0.0858581619807,0.0924884599245,0.104238355015,0.108644565674,0.116869492237,0.161267310113,0.262694083089,0.140201426773,0.121695342006,0.114267729752,0.0934116659673,0.0749055812002,0.059714645405,0.043642467478,0.0403273185061,0.0491397398238,0.271296684851,0.227570289551,0.082794796475,0.13277381452,0.0496013428452,0.171968107428,0.0213176668065,0.0426772975241,2014
Lagos,0.093783762418,0.0790929932278,0.0898706158265,0.0982502832749,0.10395530844,0.104100239796,0.103164773775,0.0976837334317,0.0955361142586,0.134562175551,0.258531186593,0.140385780916,0.128356478432,0.111162349469,0.0969327255,0.0788294816728,0.0639542543941,0.0454820943898,0.0375108698516,0.038854778782,0.307096366176,0.230045587499,0.0666815989881,0.116076839969,0.0530185248623,0.16805449419,0.0198687712456,0.0391578170703,2014
Jakarta,0.0811841535799,0.0857060420465,0.0923125135032,0.0980099135036,0.102449661117,0.106555323245,0.105773949753,0.103025337347,0.09747565283,0.127507453074,0.236851423763,0.165241856494,0.139919004977,0.116194103667,0.0944847594205,0.0741214207468,0.05795899998,0.0451767788499,0.0352984784615,0.0347531736396,0.24633489585,0.228506879469,0.0770412174517,0.128672610719,0.0732019954015,0.183032598874,0.0219792356207,0.0412305666131,2014
Barcelona,0.0816616677215,0.0894237913101,0.0909544316337,0.0969118901516,0.100622116434,0.104502031681,0.10474051347,0.101307751575,0.0968901057575,0.132985700265,0.222049475799,0.155462608807,0.136513625565,0.119349816094,0.10015203214,0.0803030094567,0.0650229768031,0.0492957907964,0.03713551269,0.0347151518487,0.256216578153,0.272565192666,0.0625819781147,0.0867672417747,0.0564043825615,0.200379736386,0.0231132421599,0.0419716481843,2014
Toronto,0.129036031091,0.10086646788,0.0944443751326,0.09429466146,0.0945348271431,0.0965310094444,0.0971111499258,0.0937457113271,0.0870132746123,0.112422491984,0.236279365713,0.152639327287,0.131868114731,0.116692450688,0.099888650456,0.0820540092074,0.0650194003967,0.0491669057927,0.035734782229,0.0306569934999,0.299056180056,0.263862550372,0.0510726360835,0.0682039349744,0.046520404726,0.198746459895,0.0264307012838,0.0461071326089,2014
Santo Domingo,0.0762870087178,0.0828313220506,0.0879057549811,0.0949400284479,0.0993820458749,0.104048538429,0.105976002746,0.10390608306,0.100756956031,0.143966259662,0.237932843085,0.150637919461,0.130027217609,0.115561522373,0.0970984431355,0.0794080763561,0.0639818865839,0.0476664299605,0.0376060591017,0.0400796023337,0.272255953447,0.234544132026,0.070150635761,0.104631310395,0.062302639957,0.186042395581,0.0235288785093,0.046544054323,2014
Dubai,0.087223780853,0.0851695405016,0.0847965198752,0.0873078418393,0.0943269341908,0.0980466328321,0.103158591558,0.106836259706,0.106363416659,0.146770481985,0.237094011705,0.156458510649,0.133509861404,0.114270403178,0.0952883817209,0.0787598903004,0.0629932015677,0.0481354222488,0.0362092698253,0.0372810473999,0.26007418382,0.263688806229,0.062683226681,0.0918313736616,0.0553751746892,0.198473242337,0.0236421523816,0.0442318402001,2014
Nairobi,0.0719376237547,0.0785404451704,0.0881480511276,0.0956831262087,0.103911613107,0.11177028037,0.10883483701,0.100475372324,0.0970006086615,0.143698042267,0.267102232016,0.153898900557,0.126555361229,0.111816507824,0.0935335495751,0.0753430462352,0.0610433536477,0.0450255406686,0.0336535868652,0.0320279213825,0.267379596743,0.238094504326,0.069641660182,0.129051643771,0.0606504202846,0.187159554059,0.0164723829482,0.0315502376862,2014
Cape Town,0.077979341234,0.0905481859289,0.0941698990635,0.0980916357714,0.101445470716,0.104177828258,0.104767160277,0.103818871483,0.0977005336134,0.127301073656,0.220495896106,0.155412210959,0.133531920365,0.120346955832,0.102163384266,0.0835029895206,0.0661873432913,0.0493431626771,0.0351938366586,0.0338223003236,0.255577223925,0.26510832994,0.0637550093222,0.0886462507768,0.0537470801277,0.206850181086,0.0230214516855,0.0432944731372,2014
Beijing,0.0807322929172,0.0871634368033,0.0903361344538,0.0940233236152,0.102383810667,0.1027696793,0.102083690619,0.107142857143,0.103498542274,0.129866232207,0.220716858172,0.159106499743,0.140799176814,0.118118676042,0.0984393757503,0.0793174412622,0.0626393414509,0.0453610015435,0.0367003944435,0.0388012347796,0.248971016978,0.282755959527,0.058394786486,0.0778597153147,0.0526496312811,0.214714457211,0.0225090036014,0.0421454296004,2014
Paris,0.0892718083219,0.0947872452742,0.0930733954786,0.0941926767254,0.0954349995277,0.0972925301075,0.0973465096286,0.0984784919392,0.0964995074369,0.14362283556,0.243892177494,0.15208095023,0.130898751089,0.114860482783,0.0973742932056,0.0787267501074,0.0639133406417,0.0480481243307,0.0357725461743,0.0344325839441,0.281124552188,0.260344024189,0.0561164751055,0.069647077128,0.0476274015926,0.208610209909,0.0279621857578,0.0485680741298,2014
Buenos Aires,0.0861820133649,0.0906115015955,0.0946284943712,0.0985538214903,0.106070405335,0.109572033419,0.106068368321,0.0999094547014,0.091390659677,0.117013247724,0.222873840557,0.155252085648,0.13692608387,0.118227308421,0.0994103861263,0.0802206901609,0.0636974462967,0.0488496469344,0.0375309753531,0.0370115366321,0.249864283903,0.249129940142,0.074293996205,0.111900341098,0.0688011863573,0.185998783902,0.020530051567,0.0394814168251,2014
Almaty,0.0726467564647,0.0855365474339,0.0863536916467,0.0876453066927,0.0898858634051,0.0941297414134,0.101141365949,0.103777315022,0.10549068192,0.173392730052,0.2705538129,0.145029918022,0.126815509924,0.11339852914,0.0946305717374,0.0736220576218,0.060099638875,0.0427814534623,0.0343200569365,0.0387484513799,0.287265730026,0.232543427261,0.0662414002161,0.0882515749796,0.057121016422,0.199963096713,0.0249887972164,0.0436249571658,2014
Rome,0.0767938527586,0.0862569801988,0.0885668621382,0.0934141143897,0.0988835570626,0.102811134098,0.104119678328,0.104403552707,0.100995115805,0.143755152514,0.239035838168,0.154709592621,0.135104761312,0.116868748931,0.0981272068317,0.0793837203876,0.0623162593912,0.0465690086951,0.0347260028932,0.0331588607693,0.266548320864,0.288159716281,0.0574923392804,0.0742603711366,0.0477258940099,0.200790570704,0.023341862527,0.0416809251972,2014
Lima,0.0789330993089,0.0859005500619,0.088207362367,0.092469950322,0.0975411762862,0.101637648681,0.104304900409,0.103226716397,0.10166899124,0.146109604927,0.249583927536,0.148322389557,0.13123129241,0.113105890834,0.0946357211139,0.0782592343013,0.0622651267023,0.047421291,0.0357837990315,0.0393913275141,0.273488896899,0.239623262447,0.0709125385905,0.103690586263,0.0633621162495,0.179379730767,0.0236166178245,0.0459262509599,2014
Bogota,0.0802333033536,0.0805316645214,0.0849876939482,0.0884075376587,0.0945072462988,0.100437847707,0.103386991669,0.103990176701,0.102717025436,0.160800512707,0.274280082507,0.146217437433,0.123726175538,0.108483905192,0.0895428180589,0.0741723708942,0.0600556869039,0.0473640275526,0.0367684361889,0.0393890597315,0.284465292626,0.219738153069,0.0702021208417,0.111099143154,0.0587976152649,0.190594621959,0.0223921672115,0.0427108858742,2014
Manila,0.0758344316814,0.0801293514839,0.0825361664457,0.0839885547847,0.0885838324477,0.0943805415531,0.100283956741,0.105794140255,0.110679895586,0.177789129021,0.285551403679,0.147496457951,0.127814125909,0.1123308758,0.0932532115567,0.0729642356782,0.0571588912843,0.0419918073441,0.0307856926904,0.0306532981072,0.301436777634,0.235358048306,0.0596012749401,0.0867727931107,0.0573890997761,0.184071943612,0.0273651699492,0.0480048926715,2014
Bucharest,0.0991586725032,0.0914283940269,0.0942224705846,0.0932600664369,0.0989724007327,0.100400484307,0.101549160225,0.0962404147651,0.096923411257,0.127844525162,0.238334730372,0.146720064574,0.128465431064,0.112973828816,0.0989413554376,0.0770544224023,0.0619043184005,0.0482133432678,0.0387445282667,0.048647977399,0.272484554966,0.254881872652,0.0653813914501,0.0854676973705,0.0574337959082,0.203595045171,0.0215764800844,0.0391791623979,2014
Kampala,0.0857179818887,0.0836222509702,0.0882276843467,0.100827943079,0.102639068564,0.107141009056,0.104657179819,0.0986287192755,0.0956274256145,0.132910737387,0.247761966365,0.15169469599,0.127166882277,0.108667529107,0.0946442432083,0.0817593790427,0.0610349288486,0.0478137128072,0.0374385510996,0.0420181112549,0.266183699871,0.238576972833,0.0671668822768,0.121448900388,0.0580595084088,0.193790426908,0.019275549806,0.0354980595084,2014
Istanbul,0.0939366643815,0.0838923337525,0.0861503675261,0.0935777461472,0.106762419186,0.101527746608,0.102316290738,0.103473744401,0.0981983380625,0.130164349197,0.245274115155,0.154698370342,0.131208055755,0.112311433429,0.0931604172367,0.0730333279022,0.0583668682347,0.0454250606395,0.037725611237,0.0487967400694,0.245230307148,0.24213607843,0.0669993513341,0.114742393547,0.0731401579548,0.199385611913,0.0207926636191,0.0375734360541,2014
Vienna,0.0830771402579,0.0871396304546,0.0900021959406,0.0935392289111,0.0975781911723,0.101358346143,0.103020986918,0.106267842018,0.104683627694,0.13333281049,0.238455626314,0.157401888509,0.132877937071,0.116204473445,0.0966841296232,0.0781284311573,0.0638469743075,0.0459892712614,0.0355350252533,0.0348762430593,0.260681682718,0.278907990087,0.0602393575305,0.0836731812906,0.0544828559777,0.199234557832,0.0222025284688,0.0405778460959,2014
Moscow,0.076302623603,0.0918709286342,0.0919563045872,0.0943382936762,0.0955186162266,0.0988333376021,0.100596351032,0.101477857747,0.098041475638,0.151064211254,0.253417172519,0.160502522859,0.135534325402,0.113727172605,0.0958195664609,0.07688958328,0.0611398543486,0.0444061675588,0.0318452304724,0.0267184044942,0.270285326435,0.270208488077,0.0547451954682,0.0702537373323,0.0505233545919,0.216338396127,0.0245477208889,0.043097781079,2014
Mecca,0.0901468589836,0.0650621857087,0.0720981727128,0.0809207485738,0.0893639329788,0.0988901075402,0.105388048479,0.111875642379,0.118970262608,0.167284040036,0.282018914389,0.156343770047,0.127313425629,0.10213907801,0.083728245349,0.0685974242769,0.0563603253109,0.0441611654906,0.0353489366692,0.0439887148287,0.24173788879,0.237864646925,0.0934855037974,0.153287944319,0.0586090819417,0.162534748808,0.01760031455,0.0348798708689,2014
Berlin,0.0892256498534,0.0976814871902,0.0992300434316,0.100800207435,0.104952498938,0.105064139039,0.103400341403,0.0969324181246,0.0902520185251,0.112461196062,0.220878139428,0.164593521993,0.137176873933,0.117103263492,0.0982216812279,0.0802188145982,0.0637104848061,0.0481673016948,0.0372589834268,0.0326709354,0.245619026354,0.279409964059,0.0614308659671,0.0797326399643,0.0548909168173,0.21393844669,0.0237829428331,0.0411951973149,2014
Tel Aviv,0.0758955290402,0.0818678449999,0.0875090730813,0.093481389041,0.0975308484764,0.106915916413,0.1086477607,0.107679965363,0.0999885392657,0.140483133619,0.241184785239,0.161685491984,0.140190248189,0.123393905436,0.0952514357753,0.0777547148187,0.0608182964255,0.042188236193,0.0286518356276,0.0288810503126,0.271033630888,0.277095085892,0.0606400183372,0.0737689261292,0.0525538336156,0.201148620255,0.022463039132,0.0412968457513,2014
Tokyo,0.0772083425455,0.0953325963593,0.096505269364,0.100723708453,0.105508733142,0.109373424718,0.110764831601,0.106296410937,0.0949841550593,0.103302527821,0.182806102145,0.170286388091,0.146210332375,0.124637040312,0.105736310708,0.0869576239959,0.0693775517724,0.0533852163019,0.0368699240917,0.0237335102071,0.231299579925,0.348545065959,0.0621740732552,0.0794304665045,0.042981501953,0.176277691797,0.0209530547572,0.0383385658486,2014
London,0.0856941971481,0.0979477921084,0.0961228206542,0.097250717787,0.0996853939016,0.101570243701,0.102750863905,0.100737595768,0.0940014702205,0.124238904806,0.214960999991,0.157864549911,0.135647047659,0.120388614227,0.10280848269,0.0838639533868,0.0665587350078,0.0494915236365,0.0361695332954,0.0322465601962,0.271767096586,0.284373936124,0.0572647873151,0.0676135730275,0.0442523567213,0.197590254366,0.0280528164665,0.049085179394,2014
Lisbon,0.077685716309,0.0889898024219,0.0892819205439,0.0966202818497,0.101887260109,0.104773033071,0.106419517031,0.103002620211,0.097655973373,0.13368387508,0.225063734863,0.156752354649,0.137330925572,0.120264145599,0.100931237165,0.0803944479853,0.0629204730543,0.0459599178528,0.0355587422987,0.0348240209617,0.260410027618,0.247131931166,0.0612120246441,0.0895828907301,0.0591406415976,0.21351179095,0.0243608809574,0.0446498123362,2014
Taipei,0.0827048872964,0.0933044456481,0.0970042914879,0.0967626348902,0.101470772051,0.106062247406,0.108178825882,0.103462355735,0.0970709553769,0.113978584226,0.201249947919,0.162209907921,0.138619224199,0.119570017916,0.104528977959,0.0855131036207,0.0689637931753,0.0509728761302,0.0384150660389,0.0299570851215,0.24912295321,0.310878713387,0.0671388692138,0.0909212116162,0.0566309737094,0.165426440565,0.0216907628849,0.0381900754135,2014
Brussels,0.0847539644935,0.0932424667063,0.0949764600325,0.0977337110482,0.101609992641,0.102451785912,0.100526246812,0.0998155111752,0.0942253989697,0.13066446221,0.229476878409,0.152263768613,0.132337967397,0.116061617251,0.0986662365288,0.0804794693174,0.0658060548627,0.0498573488049,0.0381780972448,0.0368725615719,0.261722097325,0.277690966096,0.0651558073654,0.0760537537931,0.0496254776043,0.198985815531,0.0269575474076,0.0438085348765,2014
Asuncion,0.0883482540856,0.086978776487,0.0924227889208,0.0959719053705,0.102697260706,0.107178571065,0.107873479253,0.102880309692,0.0933651522188,0.122283502202,0.236462002081,0.150557790938,0.131296969861,0.114232736616,0.0968803707081,0.0798093578709,0.0632739328075,0.0487723853656,0.0384402870479,0.0402741667034,0.245505977905,0.243339898238,0.0769212516483,0.136707084335,0.0662874614834,0.177384636766,0.0175388046901,0.0363148849334,2014
Luanda,0.0698477814963,0.0760012954766,0.0731944294505,0.0806434200583,0.0764331210191,0.0834502860844,0.0933822735615,0.100615351398,0.119615675267,0.226816366188,0.356256072547,0.128684011659,0.110763251646,0.0983482673,0.0830184605419,0.0667170463133,0.054302061967,0.035517650869,0.0258015761632,0.0405916009932,0.410666090899,0.208139911476,0.0536543236532,0.0749217316204,0.0364892583396,0.15135485264,0.0194321494116,0.0453416819605,2014
Doha,0.0814686409053,0.0746936318767,0.0791140002408,0.0833899121223,0.0899578668593,0.0970892018779,0.104336102083,0.112016371735,0.115285903455,0.162648368846,0.266642590586,0.153441675695,0.125773444083,0.107933068496,0.0916817142169,0.0747899361984,0.0602479836283,0.0455134224148,0.0352040447815,0.0387721198989,0.272247502107,0.256005778259,0.0733838931022,0.0979752016372,0.0553990610329,0.182361863489,0.0216347658601,0.0409919345131,2014
Guatemala City,0.0823652401725,0.0834148532851,0.0893808542171,0.0929537372524,0.0969632593426,0.102039188355,0.102282698597,0.102194531096,0.0987392047291,0.149666432953,0.261945646835,0.149926737005,0.129035237611,0.111972726853,0.0950739557399,0.0754839766062,0.0598027567039,0.0455783998018,0.0347967739091,0.0363837889354,0.274729934546,0.229558784632,0.0709034649828,0.116998274436,0.0607851945773,0.185311294257,0.0206941721282,0.0410188804407,2014
Rio de Janeiro,0.0832233256957,0.0891835215153,0.0892734460147,0.091586304139,0.096453018046,0.103808842096,0.101460014172,0.0998054033833,0.0969709831625,0.148235141775,0.253817294999,0.151497602613,0.131699824827,0.118225537838,0.0978270643967,0.0786875339465,0.0614364179835,0.0437140976436,0.0321749858819,0.0309196398704,0.284272924453,0.238116477406,0.0614040451637,0.0878670268443,0.0557639805619,0.198952559431,0.0276032243329,0.046019761808,2014
Beirut,0.105895516103,0.0755898122787,0.0787499147815,0.0826318681098,0.0888678571858,0.0954046174391,0.102017573057,0.104828780994,0.106236390104,0.159777669946,0.287384854768,0.135892428186,0.118026620254,0.105919577797,0.0901190652834,0.0750404035948,0.0618946980057,0.047541897425,0.0370710501726,0.0411094045132,0.313158939521,0.233811492667,0.0663300703002,0.107142713918,0.0474175786717,0.17182856845,0.0201636997261,0.0401469367458,2014
Minsk,0.0759745935112,0.0908327180121,0.0905124998116,0.0922529799129,0.0950294600744,0.100657765856,0.101475264086,0.0990529075813,0.0949013727943,0.15931043836,0.289190940462,0.152755383433,0.126052952789,0.110396166423,0.092102288995,0.0730285860671,0.0563923087356,0.041300613312,0.0300590708398,0.0287216889438,0.277474721599,0.231521526198,0.0652830728892,0.0970185801902,0.0645785928482,0.202343997227,0.021318997604,0.040460511445,2014
Prague,0.079573701218,0.0952750849283,0.0951197282293,0.103488275748,0.103374347502,0.103809346259,0.101437567321,0.100443284448,0.094052945563,0.123425718784,0.215831883337,0.157324550501,0.134963542961,0.118443947303,0.102545778441,0.0826394067446,0.0657158836689,0.0530180628055,0.0373063219819,0.0322106222554,0.252174993786,0.298419504516,0.0544266302096,0.0793562018394,0.0497245007871,0.201746209297,0.0229202916563,0.0412316679095,2014
Cairo,0.0860178177839,0.0753787820404,0.0815749317961,0.0881448542672,0.0929460996624,0.0981095577922,0.102668043589,0.10506481296,0.110636723747,0.159458376362,0.286444766411,0.140538540976,0.121237226221,0.103488802232,0.0878982413416,0.0721111607762,0.0589597558532,0.0470298555773,0.0377895775212,0.0445020730899,0.297919974106,0.229261394288,0.0764846868787,0.127976695079,0.0552721219501,0.161589266172,0.016646372478,0.0348494890488,2014
Mumbai,0.0775147782642,0.0791142110427,0.0825521670665,0.0881501817912,0.0982579373913,0.10375701813,0.10656839224,0.104787580487,0.108489360474,0.150808373113,0.256395669989,0.143091522182,0.122876010982,0.109503433834,0.0957680987361,0.0797572819536,0.0643648025855,0.0503326655289,0.0391943475716,0.0387161666378,0.28101374358,0.256288491504,0.0696165483581,0.10533996191,0.0560625922353,0.170793038345,0.0207184256305,0.0401671984368,2014
Sydney,0.0977534150715,0.101048211917,0.0963859285933,0.0967853862639,0.0984823524266,0.099365824501,0.0983715539487,0.09685536425,0.0907760267083,0.12417593632,0.200623970376,0.155161605412,0.139705217734,0.124904873675,0.106789322526,0.0863557505868,0.0686279941102,0.0500196813086,0.0353680404706,0.0324435438018,0.252040295657,0.268222704941,0.0570437216626,0.0715058387882,0.0517370577173,0.223235607132,0.0276413045063,0.048573469596,2014
Phnom Penh,0.0812198377657,0.0906663928535,0.0940291611048,0.0957233802238,0.100010267995,0.100857377554,0.10188417702,0.100960057501,0.10265427662,0.131995071363,0.224304343362,0.1592309272,0.143418215423,0.116772769278,0.100292637848,0.0787298490605,0.0628144573365,0.0452305164801,0.0339613923401,0.0352448916727,0.25528801725,0.246380531882,0.0603501386179,0.0981876989424,0.0558322209672,0.210083170757,0.0258753465448,0.0480028750385,2014
Bangkok,0.0809094781375,0.0852336057664,0.084503282205,0.0859639293278,0.0906281377769,0.0982799562316,0.103989063001,0.107871935766,0.107360114131,0.155260497657,0.258438467902,0.164299845858,0.137087428827,0.114600434793,0.0937288246552,0.0729422347221,0.0576334966005,0.0428408311235,0.030663387154,0.0277650483637,0.25544405628,0.254741789386,0.0592293258493,0.0881251429402,0.0575059662929,0.218780793256,0.0241287341937,0.0420441918022,2014
Helsinki,0.0849175327327,0.0930184103278,0.0931684265795,0.0963354363389,0.0989773892172,0.103694566911,0.105211397901,0.104061273305,0.0988607099102,0.121754856776,0.227616325102,0.157308708443,0.136414778268,0.115337494895,0.0959520614733,0.078425162726,0.0648403577054,0.0515889221332,0.0371623592556,0.0353538299982,0.257727920525,0.271137706585,0.0549642877978,0.0735329660713,0.054889279672,0.212414678257,0.0302449432022,0.0450882178903,2014
Sofia,0.0836714746912,0.0909871753103,0.097325474632,0.0974439475165,0.105292776116,0.121256997305,0.108995053757,0.100050350976,0.0907206113201,0.104256138376,0.219530255013,0.158279773717,0.138554038444,0.118206320528,0.100079969197,0.0785179042147,0.0617539910553,0.0468856440482,0.0366377395374,0.0415543642449,0.237686224565,0.265497734206,0.0702544205195,0.102952936647,0.06213902793,0.202707105411,0.022154429405,0.0366081213162,2014
Stockholm,0.0927683916695,0.0953234342884,0.0914519762686,0.0922747358942,0.0936689394778,0.0964693140578,0.0986593505883,0.0977558109268,0.0947400229176,0.146888023911,0.234983140907,0.148324113439,0.130660212242,0.115410736564,0.100657908515,0.0830059747308,0.0672867781032,0.0501943208643,0.0364916332826,0.0329851813512,0.29321956313,0.279558761492,0.0491112700118,0.0590113121969,0.0456407203186,0.1996433711,0.0267860615544,0.0470289401958,2014
